-- phpMyAdmin SQL Dump
-- version 5.2.1
-- https://www.phpmyadmin.net/
--
-- Host: 127.0.0.1
-- Generation Time: Feb 03, 2025 at 06:41 PM
-- Server version: 10.4.28-MariaDB
-- PHP Version: 7.4.27

SET SQL_MODE = "NO_AUTO_VALUE_ON_ZERO";
START TRANSACTION;
SET time_zone = "+00:00";


/*!40101 SET @OLD_CHARACTER_SET_CLIENT=@@CHARACTER_SET_CLIENT */;
/*!40101 SET @OLD_CHARACTER_SET_RESULTS=@@CHARACTER_SET_RESULTS */;
/*!40101 SET @OLD_COLLATION_CONNECTION=@@COLLATION_CONNECTION */;
/*!40101 SET NAMES utf8mb4 */;

--
-- Database: `kasir`
--

-- --------------------------------------------------------

--
-- Table structure for table `activity_log`
--

CREATE TABLE `activity_log` (
  `id` int(11) NOT NULL,
  `user_id` int(11) DEFAULT NULL,
  `activity` varchar(255) DEFAULT NULL,
  `description` text DEFAULT NULL,
  `timestamp` datetime DEFAULT NULL
) ENGINE=InnoDB DEFAULT CHARSET=utf8mb4 COLLATE=utf8mb4_general_ci;

--
-- Dumping data for table `activity_log`
--

INSERT INTO `activity_log` (`id`, `user_id`, `activity`, `description`, `timestamp`) VALUES
(920, 2, 'View', 'User viewed dashboard.', '2025-01-22 13:45:20'),
(921, 2, 'View', 'User viewed dashboard.', '2025-01-22 13:45:46'),
(922, 2, 'View', 'User viewed dashboard.', '2025-01-22 13:46:31'),
(923, 2, 'View', 'User viewed dashboard.', '2025-01-22 13:47:13'),
(924, 2, 'View', 'User viewed dashboard.', '2025-01-22 13:47:23'),
(925, 2, 'View', 'User viewed dashboard.', '2025-01-22 13:47:40'),
(926, 2, 'View', 'User viewed dashboard.', '2025-01-22 13:47:56'),
(927, 2, 'View', 'User viewed dashboard.', '2025-01-22 13:48:17'),
(928, 2, 'View', 'User viewed dashboard.', '2025-01-22 13:48:56'),
(929, 2, 'View', 'User viewed dashboard.', '2025-01-22 13:49:16'),
(930, 2, 'View', 'User viewed dashboard.', '2025-01-22 13:49:21'),
(931, 2, 'View', 'User viewed dashboard.', '2025-01-22 13:49:26'),
(932, 2, 'View', 'User viewed dashboard.', '2025-01-22 13:49:30'),
(933, 2, 'View', 'User viewed dashboard.', '2025-01-22 13:49:35'),
(934, 2, 'Login', 'User has logged in.', '2025-01-23 08:59:57'),
(935, 2, 'Login', 'User has logged in.', '2025-01-23 09:02:32'),
(936, 2, 'View', 'User viewed dashboard.', '2025-01-23 09:02:33'),
(937, 2, 'View', 'User viewed user Data.', '2025-01-23 09:02:38'),
(938, 2, 'View', 'User viewed dashboard.', '2025-01-23 09:02:40'),
(939, 2, 'View', 'User viewed dashboard.', '2025-01-23 09:07:09'),
(940, 2, 'View', 'User viewed user Data.', '2025-01-23 09:07:11'),
(941, 2, 'View', 'User viewed Website Setting.', '2025-01-23 09:07:12'),
(942, 2, 'View', 'User viewed Activity log.', '2025-01-23 09:07:14'),
(943, 2, 'View', 'User viewed dashboard.', '2025-01-23 09:07:16'),
(944, 2, 'View', 'User viewed dashboard.', '2025-01-23 09:15:12'),
(945, 2, 'View', 'User viewed Menu Data.', '2025-01-23 09:16:46'),
(946, 2, 'View', 'User viewed Menu Data.', '2025-01-23 09:18:18'),
(947, 2, 'View', 'User viewed Menu Data.', '2025-01-23 09:19:56'),
(948, 2, 'View', 'User viewed Menu Data.', '2025-01-23 09:20:53'),
(949, 2, 'View', 'User viewed Menu Data.', '2025-01-23 09:21:34'),
(950, 2, 'View', 'User viewed Menu Data.', '2025-01-23 09:21:42'),
(951, 2, 'View', 'User viewed Menu Data.', '2025-01-23 09:21:52'),
(952, 2, 'View', 'User viewed Menu Data.', '2025-01-23 09:22:00'),
(953, 2, 'View', 'User viewed Menu Data.', '2025-01-23 09:24:26'),
(954, 2, 'View', 'User viewed Menu Data.', '2025-01-23 09:24:43'),
(955, 2, 'View', 'User viewed Menu Data.', '2025-01-23 09:25:07'),
(956, 2, 'View', 'User viewed Menu Data.', '2025-01-23 09:28:04'),
(957, 2, 'View', 'User viewed Menu Data.', '2025-01-23 09:28:48'),
(958, 2, 'View', 'User viewed Menu Data.', '2025-01-23 09:30:24'),
(959, 2, 'View', 'User viewed Menu Data.', '2025-01-23 09:30:47'),
(960, 2, 'Deleted', 'User Deleted Menu Data.', '2025-01-23 09:30:50'),
(961, 2, 'View', 'User viewed Menu Data.', '2025-01-23 09:30:51'),
(962, 2, 'View', 'User viewed Menu Data.', '2025-01-23 09:31:37'),
(963, 2, 'Deleted', 'User Deleted Menu Data.', '2025-01-23 09:31:41'),
(964, 2, 'View', 'User viewed Menu Data.', '2025-01-23 09:31:41'),
(965, 2, 'View', 'User viewed Menu Data.', '2025-01-23 09:39:58'),
(966, 2, 'View', 'User viewed Add user Data.', '2025-01-23 09:40:00'),
(967, 2, 'add', 'User added Menu Data.', '2025-01-23 09:50:53'),
(968, 2, 'View', 'User viewed user Data.', '2025-01-23 09:50:53'),
(969, 2, 'View', 'User viewed Menu Data.', '2025-01-23 09:50:56'),
(970, 2, 'Deleted', 'User Deleted Menu Data.', '2025-01-23 09:51:01'),
(971, 2, 'View', 'User viewed Menu Data.', '2025-01-23 09:51:01'),
(972, 2, 'View', 'User viewed Menu Data.', '2025-01-23 09:51:21'),
(973, 2, 'View', 'User viewed Add Menu Data.', '2025-01-23 09:51:27'),
(974, 2, 'add', 'User added Menu Data.', '2025-01-23 09:51:37'),
(975, 2, 'View', 'User viewed Menu Data.', '2025-01-23 09:51:37'),
(976, 2, 'View', 'User viewed Menu Data.', '2025-01-23 09:55:14'),
(977, 2, 'View', 'User viewed Menu Data.', '2025-01-23 09:55:29'),
(978, 2, 'View', 'User viewed Add Menu Data.', '2025-01-23 09:55:31'),
(979, 2, 'View', 'User viewed Add Menu Data.', '2025-01-23 09:55:56'),
(980, 2, 'View', 'User viewed Add Menu Data.', '2025-01-23 09:56:09'),
(981, 2, 'View', 'User viewed Add Menu Data.', '2025-01-23 09:57:39'),
(982, 2, 'View', 'User viewed Add Menu Data.', '2025-01-23 09:58:03'),
(983, 2, 'add', 'User added Menu Data.', '2025-01-23 10:01:10'),
(984, 2, 'View', 'User viewed Menu Data.', '2025-01-23 10:01:10'),
(985, 2, 'View', 'User viewed Add Menu Data.', '2025-01-23 10:01:14'),
(986, 2, 'View', 'User viewed Add Menu Data.', '2025-01-23 10:02:12'),
(987, 2, 'View', 'User viewed Add Menu Data.', '2025-01-23 10:02:53'),
(988, 2, 'add', 'User added Menu Data.', '2025-01-23 10:02:57'),
(989, 2, 'add', 'User added Menu Data.', '2025-01-23 10:04:07'),
(990, 2, 'View', 'User viewed Menu Data.', '2025-01-23 10:04:07'),
(991, 2, 'View', 'User viewed Menu Data.', '2025-01-23 10:04:10'),
(992, 2, 'View', 'User viewed Add Menu Data.', '2025-01-23 10:04:17'),
(993, 2, 'add', 'User added Menu Data.', '2025-01-23 10:04:25'),
(994, 2, 'View', 'User viewed Menu Data.', '2025-01-23 10:04:25'),
(995, 2, 'View', 'User viewed Add Menu Data.', '2025-01-23 10:05:03'),
(996, 2, 'add', 'User added Menu Data.', '2025-01-23 10:05:33'),
(997, 2, 'View', 'User viewed Menu Data.', '2025-01-23 10:05:33'),
(998, 2, 'Login', 'User has logged in.', '2025-01-23 12:37:31'),
(999, 2, 'View', 'User viewed dashboard.', '2025-01-23 12:37:31'),
(1000, 2, 'View', 'User viewed Menu Data.', '2025-01-23 12:37:40'),
(1001, 2, 'View', 'User viewed dashboard.', '2025-01-23 12:40:28'),
(1002, 2, 'View', 'User viewed Menu Data.', '2025-01-23 12:40:43'),
(1003, 2, 'View', 'User viewed Menu Data.', '2025-01-23 13:07:14'),
(1004, 2, 'View', 'User viewed Menu Data.', '2025-01-23 13:07:15'),
(1005, 2, 'View', 'User viewed Menu Data.', '2025-01-23 13:07:36'),
(1006, 2, 'View', 'User viewed Menu Data.', '2025-01-23 13:07:52'),
(1007, 2, 'View', 'User viewed Menu Data.', '2025-01-23 13:08:12'),
(1008, 2, 'View', 'User viewed Menu Data.', '2025-01-23 13:08:46'),
(1009, 2, 'View', 'User viewed Menu Data.', '2025-01-23 13:09:05'),
(1010, 2, 'View', 'User viewed Menu Data.', '2025-01-23 13:09:37'),
(1011, 2, 'View', 'User viewed Menu Data.', '2025-01-23 13:09:46'),
(1012, 2, 'View', 'User viewed Menu Data.', '2025-01-23 13:09:48'),
(1013, 2, 'View', 'User viewed Menu Data.', '2025-01-23 13:11:42'),
(1014, 2, 'View', 'User viewed Menu Data.', '2025-01-23 13:12:38'),
(1015, 2, 'View', 'User viewed Menu Data.', '2025-01-23 13:12:51'),
(1016, 2, 'View', 'User viewed Menu Data.', '2025-01-23 13:13:45'),
(1017, 2, 'View', 'User viewed Menu Data.', '2025-01-23 13:17:39'),
(1018, 2, 'View', 'User viewed Menu Data.', '2025-01-23 13:17:49'),
(1019, 2, 'View', 'User viewed Menu Data.', '2025-01-23 13:18:40'),
(1020, 2, 'View', 'User viewed Menu Data.', '2025-01-23 13:19:10'),
(1021, 2, 'View', 'User viewed Menu Data.', '2025-01-23 13:19:20'),
(1022, 2, 'View', 'User viewed Menu Data.', '2025-01-23 13:19:41'),
(1023, 2, 'View', 'User viewed Menu Data.', '2025-01-23 13:19:44'),
(1024, 2, 'View', 'User viewed Menu Data.', '2025-01-23 13:21:11'),
(1025, 2, 'View', 'User viewed Menu Data.', '2025-01-23 13:21:39'),
(1026, 2, 'View', 'User viewed Menu Data.', '2025-01-23 13:22:35'),
(1027, 2, 'View', 'User viewed Menu Data.', '2025-01-23 13:22:42'),
(1028, 2, 'View', 'User viewed Menu Data.', '2025-01-23 13:24:30'),
(1029, 2, 'View', 'User viewed Menu Data.', '2025-01-23 13:24:36'),
(1030, 2, 'View', 'User viewed Menu Data.', '2025-01-23 13:25:47'),
(1031, 2, 'View', 'User viewed Menu Data.', '2025-01-23 13:26:30'),
(1032, 2, 'View', 'User viewed Menu Data.', '2025-01-23 13:28:26'),
(1033, 2, 'View', 'User viewed Menu Data.', '2025-01-23 13:28:44'),
(1034, 2, 'View', 'User viewed Menu Data.', '2025-01-23 13:28:49'),
(1035, 2, 'View', 'User viewed Menu Data.', '2025-01-23 13:29:05'),
(1036, 2, 'View', 'User viewed Menu Data.', '2025-01-23 13:29:26'),
(1037, 2, 'View', 'User viewed Menu Data.', '2025-01-23 13:30:37'),
(1038, 2, 'View', 'User viewed Menu Data.', '2025-01-23 13:30:58'),
(1039, 2, 'View', 'User viewed Menu Data.', '2025-01-23 13:33:36'),
(1040, 2, 'View', 'User viewed Menu Data.', '2025-01-23 13:35:11'),
(1041, 2, 'View', 'User viewed Menu Data.', '2025-01-23 13:35:30'),
(1042, 2, 'View', 'User viewed Menu Data.', '2025-01-23 13:35:35'),
(1043, 2, 'View', 'User viewed Menu Data.', '2025-01-23 13:37:18'),
(1044, 2, 'View', 'User viewed Menu Data.', '2025-01-23 13:37:21'),
(1045, 2, 'View', 'User viewed Menu Data.', '2025-01-23 13:37:51'),
(1046, 2, 'View', 'User viewed Menu Data.', '2025-01-23 13:37:57'),
(1047, 2, 'View', 'User viewed Menu Data.', '2025-01-23 13:38:20'),
(1048, 2, 'View', 'User viewed Menu Data.', '2025-01-23 13:38:55'),
(1049, 2, 'View', 'User viewed Menu Data.', '2025-01-23 13:39:07'),
(1050, 2, 'View', 'User viewed Menu Data.', '2025-01-23 13:39:16'),
(1051, 2, 'View', 'User viewed Menu Data.', '2025-01-23 13:39:24'),
(1052, 2, 'View', 'User viewed Menu Data.', '2025-01-23 13:39:41'),
(1053, 2, 'View', 'User viewed Menu Data.', '2025-01-23 13:41:48'),
(1054, 2, 'View', 'User viewed Menu Data.', '2025-01-23 13:42:47'),
(1055, 2, 'View', 'User viewed Menu Data.', '2025-01-23 13:43:56'),
(1056, 2, 'View', 'User viewed Menu Data.', '2025-01-23 13:44:32'),
(1057, 2, 'View', 'User viewed Menu Data.', '2025-01-23 13:45:14'),
(1058, 2, 'View', 'User viewed Menu Data.', '2025-01-23 13:45:19'),
(1059, 2, 'View', 'User viewed Menu Data.', '2025-01-23 13:46:57'),
(1060, 2, 'View', 'User viewed Menu Data.', '2025-01-23 13:47:10'),
(1061, 2, 'View', 'User viewed Menu Data.', '2025-01-23 13:48:25'),
(1062, 2, 'View', 'User viewed Menu Data.', '2025-01-23 13:48:44'),
(1063, 2, 'View', 'User viewed Menu Data.', '2025-01-23 13:48:50'),
(1064, 2, 'View', 'User viewed Menu Data.', '2025-01-23 13:48:55'),
(1065, 2, 'View', 'User viewed Menu Data.', '2025-01-23 13:48:59'),
(1066, 2, 'View', 'User viewed Menu Data.', '2025-01-23 13:51:02'),
(1067, 2, 'View', 'User viewed Menu Data.', '2025-01-23 13:51:32'),
(1068, 2, 'View', 'User viewed Menu Data.', '2025-01-23 13:51:48'),
(1069, 2, 'View', 'User viewed Menu Data.', '2025-01-23 13:52:39'),
(1070, 2, 'View', 'User viewed Menu Data.', '2025-01-23 13:54:21'),
(1071, 2, 'View', 'User viewed Menu Data.', '2025-01-23 13:55:00'),
(1072, 2, 'View', 'User viewed Menu Data.', '2025-01-23 13:55:06'),
(1073, 2, 'View', 'User viewed Menu Data.', '2025-01-23 13:56:08'),
(1074, 2, 'View', 'User viewed Menu Data.', '2025-01-23 13:59:55'),
(1075, 2, 'View', 'User viewed Menu Data.', '2025-01-23 14:00:10'),
(1076, 2, 'Login', 'User has logged in.', '2025-01-23 20:33:52'),
(1077, 2, 'View', 'User viewed dashboard.', '2025-01-23 20:33:52'),
(1078, 2, 'View', 'User viewed Menu Data.', '2025-01-23 20:35:04'),
(1079, 2, 'View', 'User viewed Menu Data.', '2025-01-23 20:35:09'),
(1080, 2, 'View', 'User viewed Menu Data.', '2025-01-23 20:36:26'),
(1081, 2, 'View', 'User viewed Menu Data.', '2025-01-23 20:54:33'),
(1082, 2, 'View', 'User viewed Menu Data.', '2025-01-23 20:55:33'),
(1083, 2, 'View', 'User viewed Menu Data.', '2025-01-23 20:57:33'),
(1084, 2, 'View', 'User viewed Menu Data.', '2025-01-23 21:01:51'),
(1085, 2, 'View', 'User viewed Menu Data.', '2025-01-23 21:04:59'),
(1086, 2, 'View', 'User viewed Menu Data.', '2025-01-23 21:05:56'),
(1087, 2, 'View', 'User viewed Menu Data.', '2025-01-23 21:12:30'),
(1088, 2, 'View', 'User viewed Menu Data.', '2025-01-23 21:15:39'),
(1089, 2, 'View', 'User viewed Menu Data.', '2025-01-23 21:15:49'),
(1090, 2, 'View', 'User viewed Menu Data.', '2025-01-23 21:23:35'),
(1091, 2, 'View', 'User viewed Menu Data.', '2025-01-23 21:26:06'),
(1092, 2, 'View', 'User viewed Menu Data.', '2025-01-23 21:28:09'),
(1093, 2, 'View', 'User viewed Menu Data.', '2025-01-23 21:29:35'),
(1094, 2, 'View', 'User viewed Menu Data.', '2025-01-23 21:31:54'),
(1095, 2, 'View', 'User viewed Menu Data.', '2025-01-23 21:31:57'),
(1096, 2, 'View', 'User viewed Menu Data.', '2025-01-23 21:32:00'),
(1097, 2, 'View', 'User viewed user Data.', '2025-01-23 21:32:05'),
(1098, 2, 'View', 'User viewed Menu Data.', '2025-01-23 21:32:07'),
(1099, 2, 'View', 'User viewed Menu Data.', '2025-01-23 21:32:14'),
(1100, 2, 'View', 'User viewed Menu Data.', '2025-01-23 21:33:02'),
(1101, 2, 'View', 'User viewed Menu Data.', '2025-01-23 21:33:05'),
(1102, 2, 'View', 'User viewed Menu Data.', '2025-01-23 21:33:31'),
(1103, 2, 'View', 'User viewed Menu Data.', '2025-01-23 21:33:37'),
(1104, 2, 'View', 'User viewed Menu Data.', '2025-01-23 21:33:48'),
(1105, 2, 'View', 'User viewed Menu Data.', '2025-01-23 21:33:55'),
(1106, 2, 'View', 'User viewed Menu Data.', '2025-01-23 21:34:09'),
(1107, 2, 'View', 'User viewed Menu Data.', '2025-01-23 21:34:21'),
(1108, 2, 'View', 'User viewed Menu Data.', '2025-01-23 21:37:02'),
(1109, 2, 'View', 'User viewed Menu Data.', '2025-01-23 21:37:05'),
(1110, 2, 'View', 'User viewed Menu Data.', '2025-01-23 21:37:30'),
(1111, 2, 'View', 'User viewed Menu Data.', '2025-01-23 21:37:45'),
(1112, 2, 'View', 'User viewed Menu Data.', '2025-01-23 21:38:11'),
(1113, 2, 'View', 'User viewed Menu Data.', '2025-01-23 21:42:57'),
(1114, 2, 'Cancel', 'User Canceled a Transaction.', '2025-01-23 21:43:01'),
(1115, 2, 'View', 'User viewed Menu Data.', '2025-01-23 21:43:01'),
(1116, 2, 'View', 'User viewed Menu Data.', '2025-01-23 21:43:52'),
(1117, 2, 'View', 'User viewed Menu Data.', '2025-01-23 22:02:38'),
(1118, 2, 'View', 'User viewed Menu Data.', '2025-01-23 22:03:14'),
(1119, 2, 'View', 'User viewed Menu Data.', '2025-01-23 22:03:16'),
(1120, 2, 'View', 'User viewed Menu Data.', '2025-01-23 22:03:35'),
(1121, 2, 'View', 'User viewed Menu Data.', '2025-01-23 22:04:21'),
(1122, 2, 'View', 'User viewed Menu Data.', '2025-01-23 22:07:01'),
(1123, 2, 'View', 'User viewed Menu Data.', '2025-01-23 22:07:54'),
(1124, 2, 'View', 'User viewed Menu Data.', '2025-01-23 22:07:58'),
(1125, 2, 'View', 'User viewed Menu Data.', '2025-01-23 22:08:12'),
(1126, 2, 'View', 'User viewed Menu Data.', '2025-01-23 22:13:16'),
(1127, 2, 'View', 'User viewed Menu Data.', '2025-01-23 22:14:49'),
(1128, 2, 'View', 'User viewed Menu Data.', '2025-01-23 22:14:58'),
(1129, 2, 'View', 'User viewed Menu Data.', '2025-01-23 22:16:40'),
(1130, 2, 'View', 'User viewed Menu Data.', '2025-01-23 22:17:00'),
(1131, 2, 'View', 'User viewed Menu Data.', '2025-01-23 22:17:13'),
(1132, 2, 'View', 'User viewed Menu Data.', '2025-01-23 22:19:49'),
(1133, 2, 'View', 'User viewed Menu Data.', '2025-01-23 22:24:59'),
(1134, 2, 'View', 'User viewed Menu Data.', '2025-01-23 22:25:42'),
(1135, 2, 'View', 'User viewed Menu Data.', '2025-01-23 22:25:50'),
(1136, 2, 'View', 'User viewed Menu Data.', '2025-01-23 22:26:01'),
(1137, 2, 'View', 'User viewed Add Meja Data.', '2025-01-23 22:36:23'),
(1138, 2, 'View', 'User viewed Meja Data.', '2025-01-23 22:36:25'),
(1139, 2, 'View', 'User viewed Add Menu Data.', '2025-01-23 22:36:27'),
(1140, 2, 'View', 'User viewed Meja Data.', '2025-01-23 22:36:37'),
(1141, 2, 'View', 'User viewed Meja Data.', '2025-01-23 22:36:55'),
(1142, 2, 'View', 'User viewed Add Meja Data.', '2025-01-23 22:36:57'),
(1143, 2, 'View', 'User viewed Add Meja Data.', '2025-01-23 22:37:18'),
(1144, 2, 'View', 'User viewed Add Meja Data.', '2025-01-23 22:37:25'),
(1145, 2, 'View', 'User viewed Add Meja Data.', '2025-01-23 22:37:42'),
(1146, 2, 'View', 'User viewed Add Meja Data.', '2025-01-23 22:37:54'),
(1147, 2, 'View', 'User viewed Add Meja Data.', '2025-01-23 22:38:27'),
(1148, 2, 'View', 'User viewed Add Meja Data.', '2025-01-23 22:38:45'),
(1149, 2, 'View', 'User viewed Add Meja Data.', '2025-01-23 22:39:04'),
(1150, 2, 'View', 'User viewed Add Meja Data.', '2025-01-23 22:40:50'),
(1151, 2, 'View', 'User viewed Meja Data.', '2025-01-23 22:40:53'),
(1152, 2, 'View', 'User viewed Add Meja Data.', '2025-01-23 22:41:51'),
(1153, 2, 'View', 'User viewed Add Meja Data.', '2025-01-23 22:42:11'),
(1154, 2, 'Add', 'User Added a Meja Number.', '2025-01-23 22:43:26'),
(1155, 2, 'Add', 'User Added a Meja Number.', '2025-01-23 22:43:33'),
(1156, 2, 'View', 'User viewed Meja Data.', '2025-01-23 22:43:33'),
(1157, 2, 'View', 'User viewed Meja Data.', '2025-01-23 22:43:44'),
(1158, 2, 'View', 'User viewed Meja Data.', '2025-01-23 22:55:40'),
(1159, 2, 'View', 'User viewed Meja Data.', '2025-01-23 22:56:00'),
(1160, 2, 'View', 'User viewed Scan Page.', '2025-01-23 22:56:02'),
(1161, 2, 'View', 'User viewed Scan Page.', '2025-01-23 22:56:34'),
(1162, 2, 'View', 'User viewed Scan Page.', '2025-01-23 22:56:40'),
(1163, 2, 'View', 'User viewed Scan Page.', '2025-01-23 22:57:40'),
(1164, 2, 'View', 'User viewed Scan Page.', '2025-01-23 22:58:09'),
(1165, 2, 'View', 'User viewed Scan Page.', '2025-01-23 22:59:07'),
(1166, 2, 'View', 'User viewed Meja Data.', '2025-01-23 22:59:22'),
(1167, 2, 'View', 'User viewed Scan Page.', '2025-01-23 22:59:34'),
(1168, 2, 'View', 'User viewed Scan Page.', '2025-01-23 23:00:06'),
(1169, 2, 'View', 'User viewed Scan Page.', '2025-01-23 23:00:16'),
(1170, 2, 'View', 'User viewed Meja Data.', '2025-01-23 23:00:23'),
(1171, 2, 'View', 'User viewed Scan Page.', '2025-01-23 23:01:23'),
(1172, 2, 'View', 'User viewed Scan Page.', '2025-01-23 23:04:41'),
(1173, 2, 'View', 'User viewed Scan Page.', '2025-01-23 23:05:24'),
(1174, 2, 'View', 'User viewed Scan Page.', '2025-01-23 23:06:05'),
(1175, 2, 'View', 'User viewed Scan Page.', '2025-01-23 23:07:25'),
(1176, 2, 'View', 'User viewed Scan Page.', '2025-01-23 23:11:29'),
(1177, 2, 'View', 'User viewed Menu Data.', '2025-01-23 23:12:06'),
(1178, 2, 'View', 'User viewed Meja Data.', '2025-01-23 23:12:10'),
(1179, 2, 'View', 'User viewed Meja Data.', '2025-01-23 23:16:54'),
(1180, 2, 'View', 'User viewed Scan Page.', '2025-01-23 23:16:56'),
(1181, 2, 'View', 'User viewed Kasir Page.', '2025-01-23 23:17:23'),
(1182, 2, 'View', 'User viewed Kasir Page.', '2025-01-23 23:18:30'),
(1183, 2, 'View', 'User viewed Kasir Page.', '2025-01-23 23:18:55'),
(1184, 2, 'View', 'User viewed Kasir Page.', '2025-01-23 23:19:03'),
(1185, 2, 'View', 'User viewed Kasir Page.', '2025-01-23 23:19:11'),
(1186, 2, 'Login', 'User has logged in.', '2025-01-24 17:05:52'),
(1187, 2, 'View', 'User viewed dashboard.', '2025-01-24 17:05:52'),
(1188, 2, 'View', 'User viewed Scan Page.', '2025-01-24 17:13:07'),
(1189, 2, 'View', 'User viewed Meja Data.', '2025-01-24 17:13:09'),
(1190, 2, 'View', 'User viewed Scan Page.', '2025-01-24 17:13:13'),
(1191, 2, 'View', 'User viewed Kasir Page.', '2025-01-24 17:13:32'),
(1192, 2, 'View', 'User viewed Kasir Page.', '2025-01-24 17:13:34'),
(1193, 2, 'View', 'User viewed Meja Data.', '2025-01-24 17:14:21'),
(1194, 2, 'View', 'User viewed Meja Data.', '2025-01-24 17:15:39'),
(1195, 2, 'View', 'User viewed Scan Page.', '2025-01-24 17:15:57'),
(1196, 2, 'View', 'User viewed Kasir Page.', '2025-01-24 17:16:01'),
(1197, 2, 'View', 'User viewed Kasir Page.', '2025-01-24 17:16:36'),
(1198, 2, 'View', 'User viewed Kasir Page.', '2025-01-24 17:17:56'),
(1199, 2, 'View', 'User viewed Kasir Page.', '2025-01-24 17:18:21'),
(1200, 2, 'View', 'User viewed Kasir Page.', '2025-01-24 17:18:23'),
(1201, 2, 'View', 'User viewed Kasir Page.', '2025-01-24 17:18:28'),
(1202, 2, 'View', 'User viewed Kasir Page.', '2025-01-24 17:18:33'),
(1203, 2, 'View', 'User viewed Kasir Page.', '2025-01-24 17:19:09'),
(1204, 2, 'View', 'User viewed Kasir Page.', '2025-01-24 17:19:41'),
(1205, 2, 'View', 'User viewed Kasir Page.', '2025-01-24 17:19:48'),
(1206, 2, 'View', 'User viewed Kasir Page.', '2025-01-24 17:20:17'),
(1207, 2, 'View', 'User viewed Kasir Page.', '2025-01-24 17:21:01'),
(1208, 2, 'View', 'User viewed Kasir Page.', '2025-01-24 17:21:15'),
(1209, 2, 'View', 'User viewed Kasir Page.', '2025-01-24 17:21:24'),
(1210, 2, 'View', 'User viewed Kasir Page.', '2025-01-24 17:21:31'),
(1211, 2, 'View', 'User viewed Kasir Page.', '2025-01-24 18:14:33'),
(1212, 2, 'View', 'User viewed Kasir Page.', '2025-01-24 18:14:39'),
(1213, 2, 'View', 'User viewed Kasir Page.', '2025-01-24 18:14:47'),
(1214, 2, 'View', 'User viewed Kasir Page.', '2025-01-24 18:17:47'),
(1215, 2, 'View', 'User viewed Kasir Page.', '2025-01-24 18:18:05'),
(1216, 2, 'View', 'User viewed Kasir Page.', '2025-01-24 18:18:15'),
(1217, 2, 'View', 'User viewed Kasir Page.', '2025-01-24 18:18:38'),
(1218, 2, 'View', 'User viewed Kasir Page.', '2025-01-24 18:18:44'),
(1219, 2, 'View', 'User viewed Kasir Page.', '2025-01-24 18:19:02'),
(1220, 2, 'View', 'User viewed Kasir Page.', '2025-01-24 18:19:27'),
(1221, 2, 'View', 'User viewed Kasir Page.', '2025-01-24 18:19:31'),
(1222, 2, 'View', 'User viewed Kasir Page.', '2025-01-24 18:19:47'),
(1223, 2, 'View', 'User viewed Kasir Page.', '2025-01-24 18:19:56'),
(1224, 2, 'View', 'User viewed Kasir Page.', '2025-01-24 18:20:06'),
(1225, 2, 'View', 'User viewed Kasir Page.', '2025-01-24 18:20:19'),
(1226, 2, 'View', 'User viewed Kasir Page.', '2025-01-24 18:20:28'),
(1227, 2, 'View', 'User viewed Kasir Page.', '2025-01-24 18:21:44'),
(1228, 2, 'View', 'User viewed Kasir Page.', '2025-01-24 18:22:00'),
(1229, 2, 'View', 'User viewed Kasir Page.', '2025-01-24 18:31:36'),
(1230, 2, 'View', 'User viewed Kasir Page.', '2025-01-24 18:32:46'),
(1231, 2, 'View', 'User viewed Kasir Page.', '2025-01-24 18:54:29'),
(1232, 2, 'View', 'User viewed Kasir Page.', '2025-01-24 18:55:18'),
(1233, 2, 'View', 'User viewed Kasir Page.', '2025-01-24 18:56:37'),
(1234, 2, 'View', 'User viewed Kasir Page.', '2025-01-24 18:58:44'),
(1235, 2, 'View', 'User viewed Kasir Page.', '2025-01-24 18:59:23'),
(1236, 2, 'View', 'User viewed Kasir Page.', '2025-01-24 18:59:30'),
(1237, 2, 'View', 'User viewed Kasir Page.', '2025-01-24 18:59:36'),
(1238, 2, 'View', 'User viewed Kasir Page.', '2025-01-24 19:11:26'),
(1239, 2, 'View', 'User viewed Kasir Page.', '2025-01-24 19:11:58'),
(1240, 2, 'View', 'User viewed Kasir Page.', '2025-01-24 19:13:11'),
(1241, 2, 'View', 'User viewed Kasir Page.', '2025-01-24 19:15:03'),
(1242, 2, 'View', 'User viewed Meja Data.', '2025-01-24 19:15:17'),
(1243, 2, 'View', 'User viewed Menu Data.', '2025-01-24 19:15:20'),
(1244, 2, 'View', 'User viewed Menu Data.', '2025-01-24 19:16:23'),
(1245, 2, 'View', 'User viewed Add Menu Data.', '2025-01-24 19:16:26'),
(1246, 2, 'add', 'User added Menu Data.', '2025-01-24 19:16:32'),
(1247, 2, 'View', 'User viewed Menu Data.', '2025-01-24 19:16:32'),
(1248, 2, 'View', 'User viewed Menu Data.', '2025-01-24 19:16:36'),
(1249, 2, 'View', 'User viewed Kasir Page.', '2025-01-24 19:18:38'),
(1250, 2, 'View', 'User viewed Menu Data.', '2025-01-24 19:18:42'),
(1251, 2, 'View', 'User viewed Scan Page.', '2025-01-24 19:25:42'),
(1252, 2, 'View', 'User viewed Kasir Page.', '2025-01-24 19:25:56'),
(1253, 2, 'View', 'User viewed Kasir Page.', '2025-01-24 19:28:26'),
(1254, 2, 'View', 'User viewed Kasir Page.', '2025-01-24 19:28:42'),
(1255, 2, 'View', 'User viewed Kasir Page.', '2025-01-24 19:29:05'),
(1256, 2, 'View', 'User viewed Kasir Page.', '2025-01-24 19:29:30'),
(1257, 2, 'View', 'User viewed Kasir Page.', '2025-01-24 19:29:43'),
(1258, 2, 'View', 'User viewed Kasir Page.', '2025-01-24 19:29:53'),
(1259, 2, 'View', 'User viewed Kasir Page.', '2025-01-24 19:31:16'),
(1260, 2, 'View', 'User viewed Kasir Page.', '2025-01-24 19:31:29'),
(1261, 2, 'View', 'User viewed Kasir Page.', '2025-01-24 19:37:29'),
(1262, 2, 'View', 'User viewed Kasir Page.', '2025-01-24 19:39:58'),
(1263, 2, 'View', 'User viewed Kasir Page.', '2025-01-24 19:43:27'),
(1264, 2, 'View', 'User viewed Kasir Page.', '2025-01-24 19:43:32'),
(1265, 2, 'View', 'User viewed Menu Data.', '2025-01-24 19:44:16'),
(1266, 2, 'View', 'User viewed Menu Data.', '2025-01-24 19:44:27'),
(1267, 2, 'View', 'User viewed Kasir Page.', '2025-01-24 19:49:32'),
(1268, 2, 'View', 'User viewed Kasir Page.', '2025-01-24 19:49:35'),
(1269, 2, 'View', 'User viewed Kasir Page.', '2025-01-24 19:50:04'),
(1270, 2, 'View', 'User viewed Kasir Page.', '2025-01-24 19:52:00'),
(1271, 2, 'View', 'User viewed Kasir Page.', '2025-01-24 19:52:08'),
(1272, 2, 'View', 'User viewed Kasir Page.', '2025-01-24 20:08:12'),
(1273, 2, 'View', 'User viewed Kasir Page.', '2025-01-24 20:13:24'),
(1274, 2, 'View', 'User viewed Kasir Page.', '2025-01-24 20:14:16'),
(1275, 2, 'View', 'User viewed Kasir Page.', '2025-01-24 20:17:32'),
(1276, 2, 'View', 'User viewed Kasir Page.', '2025-01-24 20:23:29'),
(1277, 2, 'View', 'User viewed Kasir Page.', '2025-01-24 20:23:50'),
(1278, 2, 'View', 'User viewed Kasir Page.', '2025-01-24 20:27:19'),
(1279, 2, 'View', 'User viewed Kasir Page.', '2025-01-24 20:30:58'),
(1280, 2, 'View', 'User viewed Kasir Page.', '2025-01-24 20:32:44'),
(1281, 2, 'View', 'User viewed Kasir Page.', '2025-01-24 20:33:29'),
(1282, 2, 'View', 'User viewed Kasir Page.', '2025-01-24 20:34:28'),
(1283, 2, 'View', 'User viewed Kasir Page.', '2025-01-24 20:34:46'),
(1284, 2, 'View', 'User viewed Kasir Page.', '2025-01-24 20:34:52'),
(1285, 2, 'View', 'User viewed Kasir Page.', '2025-01-24 20:34:59'),
(1286, 2, 'View', 'User viewed Kasir Page.', '2025-01-24 20:35:15'),
(1287, 2, 'View', 'User viewed Kasir Page.', '2025-01-24 20:38:08'),
(1288, 2, 'View', 'User viewed Kasir Page.', '2025-01-24 20:41:46'),
(1289, 2, 'View', 'User viewed Kasir Page.', '2025-01-24 20:42:34'),
(1290, 2, 'View', 'User viewed Kasir Page.', '2025-01-24 20:43:03'),
(1291, 2, 'View', 'User viewed Kasir Page.', '2025-01-24 20:44:31'),
(1292, 2, 'View', 'User viewed Kasir Page.', '2025-01-24 20:48:08'),
(1293, 2, 'View', 'User viewed Kasir Page.', '2025-01-24 20:50:37'),
(1294, 2, 'View', 'User viewed Kasir Page.', '2025-01-24 20:50:49'),
(1295, 2, 'View', 'User viewed Kasir Page.', '2025-01-24 20:52:36'),
(1296, 2, 'View', 'User viewed Menu Data.', '2025-01-24 20:53:48'),
(1297, 2, 'Cancel', 'User Canceled a Transaction.', '2025-01-24 20:53:59'),
(1298, 2, 'View', 'User viewed Menu Data.', '2025-01-24 20:54:00'),
(1299, 2, 'View', 'User viewed Kasir Page.', '2025-01-24 20:54:03'),
(1300, 2, 'View', 'User viewed Kasir Page.', '2025-01-24 20:56:31'),
(1301, 2, 'View', 'User viewed Menu Data.', '2025-01-24 20:56:42'),
(1302, 2, 'View', 'User viewed Kasir Page.', '2025-01-24 20:57:09'),
(1303, 2, 'View', 'User viewed Kasir Page.', '2025-01-24 20:57:15'),
(1304, 2, 'View', 'User viewed Menu Data.', '2025-01-24 20:57:18'),
(1305, 2, 'Complete', 'User Completed a transaction.', '2025-01-24 20:59:13'),
(1306, 2, 'View', 'User viewed Menu Data.', '2025-01-24 20:59:13'),
(1307, 2, 'View', 'User viewed Menu Data.', '2025-01-24 20:59:34'),
(1308, 2, 'View', 'User viewed Meja Data.', '2025-01-24 20:59:35'),
(1309, 2, 'View', 'User viewed Scan Page.', '2025-01-24 20:59:36'),
(1310, 2, 'View', 'User viewed Scan Page.', '2025-01-24 20:59:56'),
(1311, 2, 'View', 'User viewed Meja Data.', '2025-01-24 21:00:03'),
(1312, 2, 'View', 'User viewed Scan Page.', '2025-01-24 21:00:05'),
(1313, 2, 'View', 'User viewed Meja Data.', '2025-01-24 21:03:05'),
(1314, 2, 'View', 'User viewed Scan Page.', '2025-01-24 21:03:08'),
(1315, 2, 'View', 'User viewed Meja Data.', '2025-01-24 21:03:10'),
(1316, 2, 'View', 'User viewed Scan Page.', '2025-01-24 21:06:33'),
(1317, 2, 'View', 'User viewed Scan Page.', '2025-01-24 21:06:41'),
(1318, 2, 'View', 'User viewed Kasir Page.', '2025-01-24 21:06:47'),
(1319, 2, 'View', 'User viewed Scan Page.', '2025-01-24 21:06:54'),
(1320, 2, 'View', 'User viewed Kasir Page.', '2025-01-24 21:06:59'),
(1321, 2, 'Login', 'User has logged in.', '2025-01-24 21:08:16'),
(1322, 2, 'View', 'User viewed dashboard.', '2025-01-24 21:08:16'),
(1323, 2, 'View', 'User viewed Menu Data.', '2025-01-24 21:08:25'),
(1324, 2, 'View', 'User viewed Add Menu Data.', '2025-01-24 21:08:34'),
(1325, 2, 'View', 'User viewed Add Menu Data.', '2025-01-24 21:09:13'),
(1326, 2, 'add', 'User added Menu Data.', '2025-01-24 21:09:22'),
(1327, 2, 'View', 'User viewed Menu Data.', '2025-01-24 21:09:22'),
(1328, 2, 'Deleted', 'User Deleted Menu Data.', '2025-01-24 21:09:26'),
(1329, 2, 'View', 'User viewed Menu Data.', '2025-01-24 21:09:26'),
(1330, 2, 'Login', 'User has logged in.', '2025-01-24 21:09:39'),
(1331, 2, 'View', 'User viewed dashboard.', '2025-01-24 21:09:39'),
(1332, 2, 'View', 'User viewed Menu Data.', '2025-01-24 21:09:49'),
(1333, 2, 'View', 'User viewed Add Menu Data.', '2025-01-24 21:09:59'),
(1334, 2, 'add', 'User added Menu Data.', '2025-01-24 21:10:08'),
(1335, 2, 'View', 'User viewed Menu Data.', '2025-01-24 21:10:08'),
(1336, 2, 'View', 'User viewed Add Menu Data.', '2025-01-24 21:10:12'),
(1337, 2, 'add', 'User added Menu Data.', '2025-01-24 21:10:14'),
(1338, 2, 'View', 'User viewed Menu Data.', '2025-01-24 21:10:14'),
(1339, 2, 'Deleted', 'User Deleted Menu Data.', '2025-01-24 21:10:18'),
(1340, 2, 'View', 'User viewed Menu Data.', '2025-01-24 21:10:18'),
(1341, 2, 'View', 'User viewed Meja Data.', '2025-01-24 21:10:22'),
(1342, 2, 'View', 'User viewed Menu Data.', '2025-01-24 21:10:30'),
(1343, 2, 'View', 'User viewed user Data.', '2025-01-24 21:10:44'),
(1344, 2, 'View', 'User viewed Website Setting.', '2025-01-24 21:10:51'),
(1345, 2, 'View', 'User viewed Activity log.', '2025-01-24 21:10:56'),
(1346, 2, 'View', 'User viewed Scan Page.', '2025-01-24 21:11:00'),
(1347, 2, 'View', 'User viewed Meja Data.', '2025-01-24 21:11:15'),
(1348, 2, 'View', 'User viewed Scan Page.', '2025-01-24 21:11:20'),
(1349, 2, 'View', 'User viewed Kasir Page.', '2025-01-24 21:12:06'),
(1350, 2, 'View', 'User viewed Kasir Page.', '2025-01-24 21:13:51'),
(1351, 2, 'View', 'User viewed Menu Data.', '2025-01-24 21:13:55'),
(1352, 2, 'Login', 'User has logged in.', '2025-02-01 12:52:44'),
(1353, 2, 'View', 'User viewed dashboard.', '2025-02-01 12:52:45'),
(1354, 2, 'View', 'User viewed Menu Data.', '2025-02-01 12:52:49'),
(1355, 2, 'View', 'User viewed Menu Data.', '2025-02-01 12:54:00'),
(1356, 2, 'View', 'User viewed Menu Data.', '2025-02-01 12:54:23'),
(1357, 2, 'View', 'User viewed Menu Data.', '2025-02-01 12:54:37'),
(1358, 2, 'View', 'User viewed Menu Data.', '2025-02-01 12:56:27'),
(1359, 2, 'View', 'User viewed Menu Data.', '2025-02-01 12:56:50'),
(1360, 2, 'View', 'User viewed Menu Data.', '2025-02-01 12:57:08'),
(1361, 2, 'Complete', 'User Completed a transaction.', '2025-02-01 12:58:42'),
(1362, 2, 'View', 'User viewed Menu Data.', '2025-02-01 12:58:42'),
(1363, 2, 'View', 'User viewed Menu Data.', '2025-02-01 13:11:48'),
(1364, 2, 'View', 'User viewed Nota.', '2025-02-01 13:11:50'),
(1365, 2, 'View', 'User viewed Nota.', '2025-02-01 13:14:53'),
(1366, 2, 'View', 'User viewed Menu Data.', '2025-02-01 13:14:55'),
(1367, 2, 'View', 'User viewed Nota.', '2025-02-01 13:14:58'),
(1368, 2, 'View', 'User viewed Nota.', '2025-02-01 13:15:10'),
(1369, 2, 'View', 'User viewed Nota.', '2025-02-01 13:15:31'),
(1370, 2, 'View', 'User viewed Nota.', '2025-02-01 13:17:01'),
(1371, 2, 'View', 'User viewed Nota.', '2025-02-01 13:17:18'),
(1372, 2, 'View', 'User viewed Nota.', '2025-02-01 13:17:22'),
(1373, 2, 'View', 'User viewed Nota.', '2025-02-01 13:17:50'),
(1374, 2, 'View', 'User viewed Nota.', '2025-02-01 13:17:58'),
(1375, 2, 'View', 'User viewed Nota.', '2025-02-01 13:18:36'),
(1376, 2, 'View', 'User viewed Nota.', '2025-02-01 13:19:02'),
(1377, 2, 'View', 'User viewed Nota.', '2025-02-01 13:19:05'),
(1378, 2, 'View', 'User viewed Nota.', '2025-02-01 13:19:25'),
(1379, 2, 'View', 'User viewed Nota.', '2025-02-01 13:19:36'),
(1380, 2, 'View', 'User viewed Nota.', '2025-02-01 13:19:54'),
(1381, 2, 'View', 'User viewed Nota.', '2025-02-01 13:20:02'),
(1382, 2, 'View', 'User viewed Nota.', '2025-02-01 13:20:06'),
(1383, 2, 'View', 'User viewed Nota.', '2025-02-01 13:20:36'),
(1384, 2, 'View', 'User viewed Nota.', '2025-02-01 13:21:30'),
(1385, 2, 'View', 'User viewed Nota.', '2025-02-01 13:22:05'),
(1386, 2, 'View', 'User viewed Nota.', '2025-02-01 13:22:41'),
(1387, 2, 'View', 'User viewed Nota.', '2025-02-01 13:23:54'),
(1388, 2, 'View', 'User viewed Nota.', '2025-02-01 13:24:16'),
(1389, 2, 'View', 'User viewed Nota.', '2025-02-01 13:24:20'),
(1390, 2, 'View', 'User viewed Nota.', '2025-02-01 13:24:23'),
(1391, 2, 'View', 'User viewed Nota.', '2025-02-01 13:24:47'),
(1392, 2, 'View', 'User viewed Nota.', '2025-02-01 13:28:18'),
(1393, 2, 'View', 'User viewed Nota.', '2025-02-01 13:28:56'),
(1394, 2, 'View', 'User viewed Nota.', '2025-02-01 13:29:32'),
(1395, 2, 'View', 'User viewed Nota.', '2025-02-01 13:29:49'),
(1396, 2, 'View', 'User viewed Nota.', '2025-02-01 13:30:08'),
(1397, 2, 'View', 'User viewed Nota.', '2025-02-01 13:30:15'),
(1398, 2, 'View', 'User viewed Nota.', '2025-02-01 13:30:45'),
(1399, 2, 'View', 'User viewed Nota.', '2025-02-01 13:31:06'),
(1400, 2, 'View', 'User viewed Nota.', '2025-02-01 13:31:40'),
(1401, 2, 'View', 'User viewed Nota.', '2025-02-01 13:32:12'),
(1402, 2, 'View', 'User viewed Nota.', '2025-02-01 13:32:32'),
(1403, 2, 'View', 'User viewed Nota.', '2025-02-01 13:32:45'),
(1404, 2, 'View', 'User viewed Nota.', '2025-02-01 13:33:01'),
(1405, 2, 'View', 'User viewed Nota.', '2025-02-01 13:33:26'),
(1406, 2, 'View', 'User viewed Nota.', '2025-02-01 13:34:21'),
(1407, 2, 'View', 'User viewed Nota.', '2025-02-01 13:34:46'),
(1408, 2, 'View', 'User viewed Nota.', '2025-02-01 13:34:59'),
(1409, 2, 'View', 'User viewed Nota.', '2025-02-01 13:35:03'),
(1410, 2, 'View', 'User viewed Nota.', '2025-02-01 13:35:44'),
(1411, 2, 'View', 'User viewed Nota.', '2025-02-01 13:38:10'),
(1412, 2, 'View', 'User viewed Nota.', '2025-02-01 13:39:25'),
(1413, 2, 'View', 'User viewed Nota.', '2025-02-01 13:39:37'),
(1414, 2, 'View', 'User viewed Nota.', '2025-02-01 13:39:44'),
(1415, 2, 'View', 'User viewed Nota.', '2025-02-01 13:39:49'),
(1416, 2, 'View', 'User viewed Nota.', '2025-02-01 13:40:07'),
(1417, 2, 'View', 'User viewed Nota.', '2025-02-01 13:40:43'),
(1418, 2, 'View', 'User viewed Nota.', '2025-02-01 13:40:51'),
(1419, 2, 'View', 'User viewed Nota.', '2025-02-01 13:42:38'),
(1420, 2, 'View', 'User viewed Nota.', '2025-02-01 13:43:09'),
(1421, 2, 'View', 'User viewed Nota.', '2025-02-01 13:43:20'),
(1422, 2, 'View', 'User viewed Nota.', '2025-02-01 13:43:35'),
(1423, 2, 'View', 'User viewed Nota.', '2025-02-01 13:44:26'),
(1424, 2, 'View', 'User viewed Nota.', '2025-02-01 13:44:28'),
(1425, 2, 'View', 'User viewed Nota.', '2025-02-01 13:45:15'),
(1426, 2, 'View', 'User viewed Nota.', '2025-02-01 13:45:44'),
(1427, 2, 'View', 'User viewed Nota.', '2025-02-01 13:46:49'),
(1428, 2, 'View', 'User viewed Nota.', '2025-02-01 13:47:01'),
(1429, 2, 'View', 'User viewed Nota.', '2025-02-01 13:47:11'),
(1430, 2, 'View', 'User viewed Nota.', '2025-02-01 13:48:11'),
(1431, 2, 'View', 'User viewed Nota.', '2025-02-01 13:48:40'),
(1432, 2, 'View', 'User viewed Nota.', '2025-02-01 13:51:54'),
(1433, 2, 'View', 'User viewed Nota.', '2025-02-01 13:52:07'),
(1434, 2, 'View', 'User viewed Nota.', '2025-02-01 13:52:16'),
(1435, 2, 'View', 'User viewed Nota.', '2025-02-01 13:54:41'),
(1436, 2, 'View', 'User viewed Nota.', '2025-02-01 13:54:44'),
(1437, 2, 'View', 'User viewed Nota.', '2025-02-01 13:54:52'),
(1438, 2, 'View', 'User viewed Nota.', '2025-02-01 13:54:55'),
(1439, 2, 'View', 'User viewed Nota.', '2025-02-01 13:57:23'),
(1440, 2, 'View', 'User viewed Nota.', '2025-02-01 13:58:01'),
(1441, 2, 'View', 'User viewed Menu Data.', '2025-02-01 13:59:12'),
(1442, 2, 'View', 'User viewed Menu Data.', '2025-02-01 13:59:35'),
(1443, 2, 'View', 'User viewed Nota.', '2025-02-01 13:59:38'),
(1444, 2, 'View', 'User viewed Menu Data.', '2025-02-01 14:00:40'),
(1445, 2, 'View', 'User viewed Menu Data.', '2025-02-01 14:00:44'),
(1446, 2, 'View', 'User viewed Nota.', '2025-02-01 14:00:51'),
(1447, 2, 'View', 'User viewed Nota.', '2025-02-01 14:01:53'),
(1448, 2, 'View', 'User viewed Nota.', '2025-02-01 14:02:14'),
(1449, 2, 'View', 'User viewed Nota.', '2025-02-01 14:02:30'),
(1450, 2, 'View', 'User viewed Menu Data.', '2025-02-01 14:03:44'),
(1451, 2, 'View', 'User viewed Nota.', '2025-02-01 14:03:46'),
(1452, 2, 'View', 'User viewed Nota.', '2025-02-01 14:04:13'),
(1453, 2, 'View', 'User viewed Nota.', '2025-02-01 14:04:37'),
(1454, 2, 'View', 'User viewed Menu Data.', '2025-02-01 14:04:40'),
(1455, 2, 'View', 'User viewed Nota.', '2025-02-01 14:04:42'),
(1456, 2, 'View', 'User viewed Nota.', '2025-02-01 14:06:32'),
(1457, 2, 'View', 'User viewed Nota.', '2025-02-01 14:06:47'),
(1458, 2, 'View', 'User viewed Menu Data.', '2025-02-01 14:08:11'),
(1459, 2, 'View', 'User viewed Nota.', '2025-02-01 14:08:14'),
(1460, 2, 'View', 'User viewed Nota.', '2025-02-01 14:09:37'),
(1461, 2, 'View', 'User viewed Menu Data.', '2025-02-01 14:10:40'),
(1462, 2, 'View', 'User viewed Nota.', '2025-02-01 14:10:42'),
(1463, 2, 'Login', 'User has logged in.', '2025-02-02 13:31:07'),
(1464, 2, 'View', 'User viewed dashboard.', '2025-02-02 13:31:08'),
(1465, 2, 'View', 'User viewed dashboard.', '2025-02-02 15:18:41'),
(1466, 2, 'View', 'User viewed Menu Data.', '2025-02-02 15:18:43'),
(1467, 2, 'View', 'User viewed Menu Data.', '2025-02-02 15:18:45'),
(1468, 2, 'View', 'User viewed Menu Data.', '2025-02-02 15:20:06'),
(1469, 2, 'View', 'User viewed Add Menu Data.', '2025-02-02 15:21:44'),
(1470, 2, 'View', 'User viewed Add Menu Data.', '2025-02-02 15:22:18'),
(1471, 2, 'View', 'User viewed Menu Data.', '2025-02-02 15:23:04'),
(1472, 2, 'View', 'User viewed Meja Data.', '2025-02-02 15:27:12'),
(1473, 2, 'View', 'User viewed Add Meja Data.', '2025-02-02 15:27:47'),
(1474, 2, 'Login', 'User has logged in.', '2025-02-02 15:42:07'),
(1475, 2, 'View', 'User viewed dashboard.', '2025-02-02 15:42:07'),
(1476, 2, 'View', 'User viewed Scan Page.', '2025-02-02 15:42:11'),
(1477, 2, 'View', 'User viewed Menu Data.', '2025-02-02 15:43:50'),
(1478, 2, 'View', 'User viewed Nota.', '2025-02-02 15:44:08'),
(1479, 2, 'View', 'User viewed Nota.', '2025-02-02 15:45:10'),
(1480, 2, 'View', 'User viewed Kasir Page.', '2025-02-02 15:45:21'),
(1481, 2, 'View', 'User viewed Kasir Page.', '2025-02-02 15:45:42'),
(1482, 2, 'View', 'User viewed Kasir Page.', '2025-02-02 15:45:58'),
(1483, 2, 'View', 'User viewed user Data.', '2025-02-02 15:47:58'),
(1484, 2, 'View', 'User viewed Website Setting.', '2025-02-02 15:48:08'),
(1485, 2, 'Login', 'User has logged in.', '2025-02-03 12:49:32'),
(1486, 2, 'View', 'User viewed dashboard.', '2025-02-03 12:49:32'),
(1487, 2, 'View', 'User viewed Menu Data.', '2025-02-03 12:49:39'),
(1488, 2, 'View', 'User viewed Menu Data.', '2025-02-03 12:50:27'),
(1489, 2, 'View', 'User viewed Add Menu Data.', '2025-02-03 12:50:48'),
(1490, 2, 'View', 'User viewed Menu Data.', '2025-02-03 12:51:12'),
(1491, 2, 'View', 'User viewed Menu Data.', '2025-02-03 12:58:16'),
(1492, 2, 'View', 'User viewed Menu Data.', '2025-02-03 13:00:18'),
(1493, 2, 'View', 'User viewed Menu Data.', '2025-02-03 13:03:01'),
(1494, 2, 'View', 'User viewed Menu Data.', '2025-02-03 13:03:11'),
(1495, 2, 'View', 'User viewed Menu Data.', '2025-02-03 13:03:23'),
(1496, 2, 'View', 'User viewed Menu Data.', '2025-02-03 13:03:52'),
(1497, 2, 'View', 'User viewed Menu Data.', '2025-02-03 13:04:04'),
(1498, 2, 'View', 'User viewed Menu Data.', '2025-02-03 13:04:23'),
(1499, 2, 'View', 'User viewed Menu Data.', '2025-02-03 13:04:32'),
(1500, 2, 'View', 'User viewed Menu Data.', '2025-02-03 13:04:57'),
(1501, 2, 'View', 'User viewed Menu Data.', '2025-02-03 13:05:19'),
(1502, 2, 'View', 'User viewed Menu Data.', '2025-02-03 13:05:42'),
(1503, 2, 'View', 'User viewed Menu Data.', '2025-02-03 13:05:48'),
(1504, 2, 'View', 'User viewed Menu Data.', '2025-02-03 13:05:55'),
(1505, 2, 'View', 'User viewed Menu Data.', '2025-02-03 13:06:00'),
(1506, 2, 'View', 'User viewed Menu Data.', '2025-02-03 13:06:08'),
(1507, 2, 'View', 'User viewed Menu Data.', '2025-02-03 13:07:09'),
(1508, 2, 'View', 'User viewed Menu Data.', '2025-02-03 13:07:45'),
(1509, 2, 'View', 'User viewed Menu Data.', '2025-02-03 13:08:18'),
(1510, 2, 'View', 'User viewed Menu Data.', '2025-02-03 13:09:00'),
(1511, 2, 'View', 'User viewed Menu Data.', '2025-02-03 13:09:06'),
(1512, 2, 'View', 'User viewed Menu Data.', '2025-02-03 13:10:12'),
(1513, 2, 'View', 'User viewed Menu Data.', '2025-02-03 13:10:33'),
(1514, 2, 'View', 'User viewed Menu Data.', '2025-02-03 13:12:31'),
(1515, 2, 'View', 'User viewed Add Menu Data.', '2025-02-03 13:12:49'),
(1516, 2, 'View', 'User viewed Add Menu Data.', '2025-02-03 13:14:29'),
(1517, 2, 'View', 'User viewed Add Menu Data.', '2025-02-03 13:14:41'),
(1518, 2, 'View', 'User viewed Add Menu Data.', '2025-02-03 13:14:56'),
(1519, 2, 'View', 'User viewed Add Menu Data.', '2025-02-03 13:15:30'),
(1520, 2, 'View', 'User viewed Add Menu Data.', '2025-02-03 13:16:07'),
(1521, 2, 'View', 'User viewed Add Menu Data.', '2025-02-03 13:16:36'),
(1522, 2, 'View', 'User viewed Add Menu Data.', '2025-02-03 13:17:13'),
(1523, 2, 'View', 'User viewed Add Menu Data.', '2025-02-03 13:17:35'),
(1524, 2, 'View', 'User viewed Add Menu Data.', '2025-02-03 13:18:11'),
(1525, 2, 'View', 'User viewed Add Menu Data.', '2025-02-03 13:18:25'),
(1526, 2, 'View', 'User viewed Add Menu Data.', '2025-02-03 13:20:56'),
(1527, 2, 'View', 'User viewed Add Menu Data.', '2025-02-03 13:22:03'),
(1528, 2, 'add', 'User added Menu Data.', '2025-02-03 13:27:27'),
(1529, 2, 'View', 'User viewed Menu Data.', '2025-02-03 13:27:28'),
(1530, 2, 'View', 'User viewed Meja Data.', '2025-02-03 13:28:32'),
(1531, 2, 'View', 'User viewed Menu Data.', '2025-02-03 13:28:32'),
(1532, 2, 'View', 'User viewed Menu Data.', '2025-02-03 13:29:41'),
(1533, 2, 'View', 'User viewed Add Menu Data.', '2025-02-03 13:29:53'),
(1534, 2, 'View', 'User viewed Add Menu Data.', '2025-02-03 13:33:37'),
(1535, 2, 'View', 'User viewed Add Menu Data.', '2025-02-03 13:34:05'),
(1536, 2, 'View', 'User viewed Add Menu Data.', '2025-02-03 13:34:33'),
(1537, 2, 'View', 'User viewed Add Menu Data.', '2025-02-03 13:36:49'),
(1538, 2, 'View', 'User viewed Add Menu Data.', '2025-02-03 13:40:23'),
(1539, 2, 'add', 'User added Menu Data.', '2025-02-03 13:41:15'),
(1540, 2, 'View', 'User viewed Menu Data.', '2025-02-03 13:41:15'),
(1541, 2, 'View', 'User viewed Menu Data.', '2025-02-03 13:41:49'),
(1542, 2, 'View', 'User viewed Menu Data.', '2025-02-03 13:42:11'),
(1543, 2, 'Deleted', 'User Deleted Menu Data.', '2025-02-03 13:42:25'),
(1544, 2, 'View', 'User viewed Menu Data.', '2025-02-03 13:42:25'),
(1545, 2, 'View', 'User viewed Add Menu Data.', '2025-02-03 13:42:30'),
(1546, 2, 'add', 'User added Menu Data.', '2025-02-03 13:43:01'),
(1547, 2, 'View', 'User viewed Menu Data.', '2025-02-03 13:43:01'),
(1548, 2, 'Deleted', 'User Deleted Menu Data.', '2025-02-03 13:43:09'),
(1549, 2, 'View', 'User viewed Menu Data.', '2025-02-03 13:43:10'),
(1550, 2, 'View', 'User viewed Add Menu Data.', '2025-02-03 13:43:12'),
(1551, 2, 'add', 'User added Menu Data.', '2025-02-03 13:45:29'),
(1552, 2, 'View', 'User viewed Menu Data.', '2025-02-03 13:45:30'),
(1553, 2, 'Deleted', 'User Deleted Menu Data.', '2025-02-03 13:45:55'),
(1554, 2, 'View', 'User viewed Menu Data.', '2025-02-03 13:45:55'),
(1555, 2, 'View', 'User viewed Add Menu Data.', '2025-02-03 13:46:00'),
(1556, 2, 'add', 'User added Menu Data.', '2025-02-03 13:46:50'),
(1557, 2, 'View', 'User viewed Menu Data.', '2025-02-03 13:46:50'),
(1558, 2, 'Deleted', 'User Deleted Menu Data.', '2025-02-03 13:47:00'),
(1559, 2, 'View', 'User viewed Menu Data.', '2025-02-03 13:47:00'),
(1560, 2, 'View', 'User viewed Add Menu Data.', '2025-02-03 13:47:46'),
(1561, 2, 'add', 'User added Menu Data.', '2025-02-03 13:48:52'),
(1562, 2, 'View', 'User viewed Menu Data.', '2025-02-03 13:48:52'),
(1563, 2, 'Deleted', 'User Deleted Menu Data.', '2025-02-03 13:48:59'),
(1564, 2, 'View', 'User viewed Menu Data.', '2025-02-03 13:48:59'),
(1565, 2, 'View', 'User viewed Add Menu Data.', '2025-02-03 13:49:13'),
(1566, 2, 'add', 'User added Menu Data.', '2025-02-03 13:50:04'),
(1567, 2, 'View', 'User viewed Menu Data.', '2025-02-03 13:50:04'),
(1568, 2, 'View', 'User viewed Menu Data.', '2025-02-03 13:50:22'),
(1569, 2, 'View', 'User viewed Menu Data.', '2025-02-03 13:51:05'),
(1570, 2, 'View', 'User viewed Add Menu Data.', '2025-02-03 13:55:46'),
(1571, 2, 'View', 'User viewed Add Menu Data.', '2025-02-03 14:02:14'),
(1572, 2, 'View', 'User viewed Add Menu Data.', '2025-02-03 14:05:57'),
(1573, 2, 'View', 'User viewed Add Menu Data.', '2025-02-03 14:09:10'),
(1574, 2, 'View', 'User viewed Add Menu Data.', '2025-02-03 14:10:09'),
(1575, 2, 'View', 'User viewed Add Menu Data.', '2025-02-03 14:10:38'),
(1576, 2, 'View', 'User viewed Add Menu Data.', '2025-02-03 14:11:03'),
(1577, 2, 'View', 'User viewed Add Menu Data.', '2025-02-03 14:11:40'),
(1578, 2, 'View', 'User viewed Add Menu Data.', '2025-02-03 14:16:13'),
(1579, 2, 'View', 'User viewed Add Menu Data.', '2025-02-03 14:29:45'),
(1580, 2, 'View', 'User viewed Add Menu Data.', '2025-02-03 14:33:51'),
(1581, 2, 'View', 'User viewed Add Menu Data.', '2025-02-03 14:34:39'),
(1582, 2, 'View', 'User viewed Add Menu Data.', '2025-02-03 14:35:06'),
(1583, 2, 'View', 'User viewed Add Menu Data.', '2025-02-03 14:35:46'),
(1584, 2, 'View', 'User viewed Add Menu Data.', '2025-02-03 14:36:59'),
(1585, 2, 'View', 'User viewed Add Menu Data.', '2025-02-03 14:37:12'),
(1586, 2, 'View', 'User viewed Add Menu Data.', '2025-02-03 14:37:47'),
(1587, 2, 'View', 'User viewed Add Menu Data.', '2025-02-03 14:38:04'),
(1588, 2, 'View', 'User viewed Add Menu Data.', '2025-02-03 14:38:37'),
(1589, 2, 'View', 'User viewed Add Menu Data.', '2025-02-03 14:38:49'),
(1590, 2, 'View', 'User viewed Add Menu Data.', '2025-02-03 14:39:03'),
(1591, 2, 'View', 'User viewed Add Menu Data.', '2025-02-03 14:39:09'),
(1592, 2, 'View', 'User viewed Add Menu Data.', '2025-02-03 14:41:22'),
(1593, 2, 'View', 'User viewed Add Menu Data.', '2025-02-03 14:43:07'),
(1594, 2, 'View', 'User viewed Add Menu Data.', '2025-02-03 14:45:12'),
(1595, 2, 'View', 'User viewed Add Menu Data.', '2025-02-03 14:49:41'),
(1596, 2, 'View', 'User viewed Add Menu Data.', '2025-02-03 14:51:19'),
(1597, 2, 'View', 'User viewed Add Menu Data.', '2025-02-03 14:52:48'),
(1598, 2, 'View', 'User viewed Add Menu Data.', '2025-02-03 14:53:24'),
(1599, 2, 'View', 'User viewed Add Menu Data.', '2025-02-03 14:58:55'),
(1600, 2, 'View', 'User viewed Add Menu Data.', '2025-02-03 14:59:12'),
(1601, 2, 'View', 'User viewed Add Menu Data.', '2025-02-03 15:00:15'),
(1602, 2, 'View', 'User viewed Add Menu Data.', '2025-02-03 15:00:26'),
(1603, 2, 'View', 'User viewed Add Menu Data.', '2025-02-03 15:00:38'),
(1604, 2, 'View', 'User viewed Add Menu Data.', '2025-02-03 15:00:56'),
(1605, 2, 'View', 'User viewed Add Menu Data.', '2025-02-03 15:01:30'),
(1606, 2, 'add', 'User added Menu Data.', '2025-02-03 15:01:46'),
(1607, 2, 'View', 'User viewed Menu Data.', '2025-02-03 15:01:47'),
(1608, 2, 'Deleted', 'User Deleted Menu Data.', '2025-02-03 15:01:58'),
(1609, 2, 'View', 'User viewed Menu Data.', '2025-02-03 15:01:58'),
(1610, 2, 'View', 'User viewed Menu Data.', '2025-02-03 17:44:38'),
(1611, 2, 'View', 'User viewed Add Menu Data.', '2025-02-03 17:44:46'),
(1612, 2, 'add', 'User added Menu Data.', '2025-02-03 17:45:14'),
(1613, 2, 'View', 'User viewed Menu Data.', '2025-02-03 17:45:14'),
(1614, 2, 'Deleted', 'User Deleted Menu Data.', '2025-02-03 17:45:35'),
(1615, 2, 'View', 'User viewed Menu Data.', '2025-02-03 17:45:35'),
(1616, 2, 'View', 'User viewed Add Menu Data.', '2025-02-03 17:45:39'),
(1617, 2, 'add', 'User added Menu Data.', '2025-02-03 17:46:01'),
(1618, 2, 'View', 'User viewed Menu Data.', '2025-02-03 17:46:01'),
(1619, 2, 'Deleted', 'User Deleted Menu Data.', '2025-02-03 17:46:08'),
(1620, 2, 'View', 'User viewed Menu Data.', '2025-02-03 17:46:09'),
(1621, 2, 'View', 'User viewed Menu Data.', '2025-02-03 17:49:42'),
(1622, 2, 'View', 'User viewed Add Menu Data.', '2025-02-03 17:49:45'),
(1623, 2, 'add', 'User added Menu Data.', '2025-02-03 17:49:54'),
(1624, 2, 'View', 'User viewed Menu Data.', '2025-02-03 17:49:54'),
(1625, 2, 'Deleted', 'User Deleted Menu Data.', '2025-02-03 17:50:07'),
(1626, 2, 'View', 'User viewed Menu Data.', '2025-02-03 17:50:07'),
(1627, 2, 'View', 'User viewed Add Menu Data.', '2025-02-03 17:50:46'),
(1628, 2, 'add', 'User added Menu Data.', '2025-02-03 17:51:03'),
(1629, 2, 'View', 'User viewed Menu Data.', '2025-02-03 17:51:03'),
(1630, 2, 'Deleted', 'User Deleted Menu Data.', '2025-02-03 17:51:07'),
(1631, 2, 'View', 'User viewed Menu Data.', '2025-02-03 17:51:08'),
(1632, 2, 'View', 'User viewed Menu Data.', '2025-02-03 17:53:47'),
(1633, 2, 'View', 'User viewed Menu Data.', '2025-02-03 17:59:45'),
(1634, 2, 'View', 'User viewed Add Menu Data.', '2025-02-03 17:59:46'),
(1635, 2, 'add', 'User added Menu Data.', '2025-02-03 18:00:01'),
(1636, 2, 'View', 'User viewed Menu Data.', '2025-02-03 18:00:02'),
(1637, 2, 'Deleted', 'User Deleted Menu Data.', '2025-02-03 18:00:15'),
(1638, 2, 'View', 'User viewed Menu Data.', '2025-02-03 18:00:15'),
(1639, 2, 'View', 'User viewed Menu Data.', '2025-02-03 18:00:59'),
(1640, 2, 'View', 'User viewed Add Menu Data.', '2025-02-03 18:05:17'),
(1641, 2, 'add', 'User added Menu Data.', '2025-02-03 18:05:25'),
(1642, 2, 'View', 'User viewed Menu Data.', '2025-02-03 18:05:25'),
(1643, 2, 'Deleted', 'User Deleted Menu Data.', '2025-02-03 18:05:50'),
(1644, 2, 'View', 'User viewed Menu Data.', '2025-02-03 18:05:50'),
(1645, 2, 'View', 'User viewed Add Menu Data.', '2025-02-03 18:15:45'),
(1646, 2, 'View', 'User viewed Menu Data.', '2025-02-03 18:15:51'),
(1647, 2, 'View', 'User viewed Menu Data.', '2025-02-03 18:15:54'),
(1648, 2, 'View', 'User viewed Meja Data.', '2025-02-03 18:17:28'),
(1649, 2, 'View', 'User viewed Scan Page.', '2025-02-03 18:17:44'),
(1650, 2, 'View', 'User viewed Meja Data.', '2025-02-03 18:17:48'),
(1651, 2, 'View', 'User viewed Menu Data.', '2025-02-03 18:18:57'),
(1652, 2, 'View', 'User viewed Meja Data.', '2025-02-03 18:23:24'),
(1653, 2, 'View', 'User viewed Meja Data.', '2025-02-03 18:32:11'),
(1654, 2, 'View', 'User viewed Meja Data.', '2025-02-03 18:32:17'),
(1655, 2, 'View', 'User viewed Meja Data.', '2025-02-03 18:32:20'),
(1656, 2, 'View', 'User viewed Meja Data.', '2025-02-03 18:32:33'),
(1657, 2, 'View', 'User viewed Meja Data.', '2025-02-03 18:32:53'),
(1658, 2, 'View', 'User viewed Member Data.', '2025-02-03 18:35:47'),
(1659, 2, 'View', 'User viewed Member Data.', '2025-02-03 18:36:02'),
(1660, 2, 'Deleted', 'User Deleted Member Data.', '2025-02-03 18:36:10'),
(1661, 2, 'View', 'User viewed Member Data.', '2025-02-03 18:36:11'),
(1662, 2, 'View', 'User viewed Member Data.', '2025-02-03 18:36:55'),
(1663, 2, 'View', 'User viewed Member Data.', '2025-02-03 18:42:01'),
(1664, 2, 'View', 'User viewed Member Data.', '2025-02-03 18:42:21'),
(1665, 2, 'View', 'User viewed Add Menu Data.', '2025-02-03 18:42:23'),
(1666, 2, 'Add', 'User Added a Membership.', '2025-02-03 18:47:00'),
(1667, 2, 'View', 'User viewed Member Data.', '2025-02-03 18:47:00'),
(1668, 2, 'View', 'User viewed Add Menu Data.', '2025-02-03 18:47:07'),
(1669, 2, 'Add', 'User Added a Membership.', '2025-02-03 18:47:16'),
(1670, 2, 'View', 'User viewed Member Data.', '2025-02-03 18:47:16'),
(1671, 2, 'Deleted', 'User Deleted Member Data.', '2025-02-03 18:47:20'),
(1672, 2, 'View', 'User viewed Member Data.', '2025-02-03 18:47:20'),
(1673, 2, 'Deleted', 'User Deleted Member Data.', '2025-02-03 18:47:23');
INSERT INTO `activity_log` (`id`, `user_id`, `activity`, `description`, `timestamp`) VALUES
(1674, 2, 'View', 'User viewed Member Data.', '2025-02-03 18:47:23'),
(1675, 2, 'View', 'User viewed Add Menu Data.', '2025-02-03 18:47:24'),
(1676, 2, 'Add', 'User Added a Membership.', '2025-02-03 18:47:31'),
(1677, 2, 'View', 'User viewed Member Data.', '2025-02-03 18:47:32'),
(1678, 2, 'View', 'User viewed Member Data.', '2025-02-03 18:59:11'),
(1679, 2, 'View', 'User viewed Update Membership.', '2025-02-03 18:59:52'),
(1680, 2, 'Add', 'User Added a Membership.', '2025-02-03 19:01:13'),
(1681, 2, 'View', 'User viewed Member Data.', '2025-02-03 19:01:13'),
(1682, 2, 'View', 'User viewed Member Data.', '2025-02-03 19:02:49'),
(1683, 2, 'View', 'User viewed Nota.', '2025-02-03 19:02:52'),
(1684, 2, 'View', 'User viewed Member Data.', '2025-02-03 19:04:03'),
(1685, 2, 'View', 'User viewed Nota.', '2025-02-03 19:04:05'),
(1686, 2, 'View', 'User viewed Nota.', '2025-02-03 19:04:14'),
(1687, 2, 'View', 'User viewed Nota.', '2025-02-03 19:06:04'),
(1688, 2, 'View', 'User viewed Nota.', '2025-02-03 19:06:52'),
(1689, 2, 'View', 'User viewed Nota.', '2025-02-03 19:07:04'),
(1690, 2, 'View', 'User viewed Nota.', '2025-02-03 19:07:11'),
(1691, 2, 'View', 'User viewed Nota.', '2025-02-03 19:07:14'),
(1692, 2, 'View', 'User viewed Nota.', '2025-02-03 19:07:45'),
(1693, 2, 'View', 'User viewed Nota.', '2025-02-03 19:08:47'),
(1694, 2, 'View', 'User viewed Nota.', '2025-02-03 19:08:54'),
(1695, 2, 'View', 'User viewed Nota.', '2025-02-03 19:08:59'),
(1696, 2, 'View', 'User viewed Nota.', '2025-02-03 19:09:14'),
(1697, 2, 'View', 'User viewed Nota.', '2025-02-03 19:09:46'),
(1698, 2, 'View', 'User viewed Nota.', '2025-02-03 19:10:12'),
(1699, 2, 'View', 'User viewed Nota.', '2025-02-03 19:10:51'),
(1700, 2, 'View', 'User viewed Nota.', '2025-02-03 19:10:56'),
(1701, 2, 'View', 'User viewed Nota.', '2025-02-03 19:13:12'),
(1702, 2, 'View', 'User viewed Nota.', '2025-02-03 19:14:39'),
(1703, 2, 'View', 'User viewed Nota.', '2025-02-03 19:14:51'),
(1704, 2, 'View', 'User viewed Nota.', '2025-02-03 19:15:00'),
(1705, 2, 'View', 'User viewed Nota.', '2025-02-03 19:15:05'),
(1706, 2, 'View', 'User viewed Nota.', '2025-02-03 19:16:40'),
(1707, 2, 'View', 'User viewed Nota.', '2025-02-03 19:16:45'),
(1708, 2, 'View', 'User viewed Nota.', '2025-02-03 19:16:54'),
(1709, 2, 'View', 'User viewed Nota.', '2025-02-03 19:17:02'),
(1710, 2, 'View', 'User viewed Nota.', '2025-02-03 19:17:09'),
(1711, 2, 'View', 'User viewed Nota.', '2025-02-03 19:17:23'),
(1712, 2, 'View', 'User viewed Member.', '2025-02-03 19:17:38'),
(1713, 2, 'View', 'User viewed Member.', '2025-02-03 19:17:53'),
(1714, 2, 'View', 'User viewed Member.', '2025-02-03 19:18:00'),
(1715, 2, 'View', 'User viewed Member.', '2025-02-03 19:19:25'),
(1716, 2, 'View', 'User viewed Member Data.', '2025-02-03 19:21:04'),
(1717, 2, 'View', 'User viewed Member.', '2025-02-03 19:21:06'),
(1718, 2, 'View', 'User viewed Member.', '2025-02-03 19:21:39'),
(1719, 2, 'View', 'User viewed Menu Data.', '2025-02-03 19:22:20'),
(1720, 2, 'View', 'User viewed Menu Data.', '2025-02-03 19:23:04'),
(1721, 2, 'View', 'User viewed Member Data.', '2025-02-03 19:23:09'),
(1722, 2, 'View', 'User viewed Member.', '2025-02-03 19:53:52'),
(1723, 2, 'View', 'User viewed Meja Data.', '2025-02-03 19:54:37'),
(1724, 2, 'View', 'User viewed Scan Page.', '2025-02-03 19:56:20'),
(1725, 2, 'View', 'User viewed Member Data.', '2025-02-03 20:21:22'),
(1726, 2, 'View', 'User viewed Member Data.', '2025-02-03 20:24:48'),
(1727, 2, 'View', 'User viewed Member Data.', '2025-02-03 20:26:22'),
(1728, 2, 'View', 'User viewed Member Data.', '2025-02-03 20:44:07'),
(1729, 2, 'View', 'User viewed Member Data.', '2025-02-03 20:44:57'),
(1730, 2, 'View', 'User viewed Member Data.', '2025-02-03 20:45:14'),
(1731, 2, 'View', 'User viewed Member Data.', '2025-02-03 20:45:24'),
(1732, 2, 'View', 'User viewed Member Data.', '2025-02-03 20:46:09'),
(1733, 2, 'View', 'User viewed Voucher Data.', '2025-02-03 20:48:58'),
(1734, 2, 'Deleted', 'User Deleted Voucher Data.', '2025-02-03 20:49:02'),
(1735, 2, 'View', 'User viewed Voucher Data.', '2025-02-03 20:49:02'),
(1736, 2, 'View', 'User viewed Voucher Data.', '2025-02-03 20:49:38'),
(1737, 2, 'View', 'User viewed Voucher Data.', '2025-02-03 20:50:15'),
(1738, 2, 'View', 'User viewed Add Membership .', '2025-02-03 20:53:09'),
(1739, 2, 'View', 'User viewed Add Membership .', '2025-02-03 20:57:36'),
(1740, 2, 'View', 'User viewed Voucher Data.', '2025-02-03 20:57:39'),
(1741, 2, 'View', 'User viewed Add Voucher .', '2025-02-03 20:57:41'),
(1742, 2, 'Add', 'User Added a Voucher.', '2025-02-03 20:58:04'),
(1743, 2, 'View', 'User viewed Voucher Data.', '2025-02-03 20:58:05'),
(1744, 2, 'View', 'User viewed Voucher Data.', '2025-02-03 21:01:02'),
(1745, 2, 'View', 'User viewed Voucher Data.', '2025-02-03 21:01:44'),
(1746, 2, 'View', 'User viewed Update Membership.', '2025-02-03 21:01:46'),
(1747, 2, 'View', 'User viewed Update Membership.', '2025-02-03 21:02:18'),
(1748, 2, 'Add', 'User Added a Voucher.', '2025-02-03 21:03:38'),
(1749, 2, 'Add', 'User Added a Voucher.', '2025-02-03 21:03:52'),
(1750, 2, 'Add', 'User Added a Voucher.', '2025-02-03 21:04:28'),
(1751, 2, 'View', 'User viewed Update Voucher.', '2025-02-03 21:04:30'),
(1752, 2, 'Add', 'User Added a Voucher.', '2025-02-03 21:04:33'),
(1753, 2, 'View', 'User viewed Update Voucher.', '2025-02-03 21:04:35'),
(1754, 2, 'Add', 'User Added a Voucher.', '2025-02-03 21:04:49'),
(1755, 2, 'View', 'User viewed Update Voucher.', '2025-02-03 21:04:55'),
(1756, 2, 'Add', 'User Added a Voucher.', '2025-02-03 21:04:59'),
(1757, 2, 'Add', 'User Added a Voucher.', '2025-02-03 21:05:03'),
(1758, 2, 'View', 'User viewed Update Voucher.', '2025-02-03 21:05:14'),
(1759, 2, 'Add', 'User Added a Voucher.', '2025-02-03 21:05:35'),
(1760, 2, 'Add', 'User Added a Voucher.', '2025-02-03 21:05:49'),
(1761, 2, 'Add', 'User Added a Voucher.', '2025-02-03 21:06:17'),
(1762, 2, 'Add', 'User Added a Voucher.', '2025-02-03 21:06:21'),
(1763, 2, 'Add', 'User Added a Voucher.', '2025-02-03 21:06:47'),
(1764, 2, 'Add', 'User Added a Voucher.', '2025-02-03 21:07:00'),
(1765, 2, 'Add', 'User Added a Voucher.', '2025-02-03 21:07:07'),
(1766, 2, 'Add', 'User Added a Voucher.', '2025-02-03 21:07:32'),
(1767, 2, 'View', 'User viewed Voucher Data.', '2025-02-03 21:07:32'),
(1768, 2, 'View', 'User viewed Update Voucher.', '2025-02-03 21:07:36'),
(1769, 2, 'Add', 'User Added a Voucher.', '2025-02-03 21:07:39'),
(1770, 2, 'View', 'User viewed Voucher Data.', '2025-02-03 21:07:39'),
(1771, 2, 'View', 'User viewed Member Data.', '2025-02-03 21:07:42'),
(1772, 2, 'View', 'User viewed Update Membership.', '2025-02-03 21:07:45'),
(1773, 2, 'Add', 'User Added a Membership.', '2025-02-03 21:07:52'),
(1774, 2, 'View', 'User viewed Member Data.', '2025-02-03 21:07:53'),
(1775, 2, 'View', 'User viewed Update Membership.', '2025-02-03 21:08:18'),
(1776, 2, 'View', 'User viewed Update Membership.', '2025-02-03 21:08:49'),
(1777, 2, 'Add', 'User Added a Membership.', '2025-02-03 21:08:53'),
(1778, 2, 'View', 'User viewed Member Data.', '2025-02-03 21:08:53'),
(1779, 2, 'View', 'User viewed Update Membership.', '2025-02-03 21:08:57'),
(1780, 2, 'View', 'User viewed Update Membership.', '2025-02-03 21:10:00'),
(1781, 2, 'Update', 'User Updated a Membership.', '2025-02-03 21:10:03'),
(1782, 2, 'View', 'User viewed Member Data.', '2025-02-03 21:10:04'),
(1783, 2, 'View', 'User viewed Update Membership.', '2025-02-03 21:10:07'),
(1784, 2, 'Update', 'User Updated a Membership.', '2025-02-03 21:10:11'),
(1785, 2, 'View', 'User viewed Member Data.', '2025-02-03 21:10:11'),
(1786, 2, 'View', 'User viewed Voucher Data.', '2025-02-03 21:10:15'),
(1787, 2, 'View', 'User viewed Update Voucher.', '2025-02-03 21:10:19'),
(1788, 2, 'Add', 'User Added a Voucher.', '2025-02-03 21:10:23'),
(1789, 2, 'View', 'User viewed Voucher Data.', '2025-02-03 21:10:23'),
(1790, 2, 'View', 'User viewed Voucher Data.', '2025-02-03 21:12:20'),
(1791, 2, 'View', 'User viewed Member.', '2025-02-03 21:12:24'),
(1792, 2, 'View', 'User viewed Voucher Data.', '2025-02-03 21:16:13'),
(1793, 2, 'View', 'User viewed Voucher Data.', '2025-02-03 21:16:23'),
(1794, 2, 'View', 'User viewed Add Voucher .', '2025-02-03 21:16:29'),
(1795, 2, 'Add', 'User Added a Voucher.', '2025-02-03 21:16:56'),
(1796, 2, 'View', 'User viewed Voucher Data.', '2025-02-03 21:16:56'),
(1797, 2, 'View', 'User viewed Update Voucher.', '2025-02-03 21:17:31'),
(1798, 2, 'View', 'User viewed Update Voucher.', '2025-02-03 21:17:58'),
(1799, 2, 'Add', 'User Added a Voucher.', '2025-02-03 21:18:02'),
(1800, 2, 'View', 'User viewed Voucher Data.', '2025-02-03 21:18:03'),
(1801, 2, 'View', 'User viewed Member.', '2025-02-03 21:18:47'),
(1802, 2, 'View', 'User viewed Member.', '2025-02-03 21:24:02'),
(1803, 2, 'View', 'User viewed Member.', '2025-02-03 21:24:40'),
(1804, 2, 'View', 'User viewed Member.', '2025-02-03 21:24:47'),
(1805, 2, 'View', 'User viewed Member.', '2025-02-03 21:24:53'),
(1806, 2, 'View', 'User viewed Member.', '2025-02-03 21:24:58'),
(1807, 2, 'View', 'User viewed Member.', '2025-02-03 21:25:32'),
(1808, 2, 'View', 'User viewed Member.', '2025-02-03 21:25:50'),
(1809, 2, 'View', 'User viewed Member.', '2025-02-03 21:26:14'),
(1810, 2, 'View', 'User viewed Member.', '2025-02-03 21:26:48'),
(1811, 2, 'View', 'User viewed Member.', '2025-02-03 21:27:05'),
(1812, 2, 'View', 'User viewed Member.', '2025-02-03 21:27:12'),
(1813, 2, 'View', 'User viewed Member.', '2025-02-03 21:27:19'),
(1814, 2, 'View', 'User viewed Member.', '2025-02-03 21:27:22'),
(1815, 2, 'View', 'User viewed Member.', '2025-02-03 21:27:26'),
(1816, 2, 'View', 'User viewed Member.', '2025-02-03 21:27:30'),
(1817, 2, 'View', 'User viewed Member.', '2025-02-03 21:27:34'),
(1818, 2, 'View', 'User viewed Member.', '2025-02-03 21:27:45'),
(1819, 2, 'View', 'User viewed Member.', '2025-02-03 21:27:51'),
(1820, 2, 'View', 'User viewed dashboard.', '2025-02-03 21:28:00'),
(1821, 2, 'View', 'User viewed Member.', '2025-02-03 21:28:18'),
(1822, 2, 'View', 'User viewed Member.', '2025-02-03 21:28:24'),
(1823, 2, 'View', 'User viewed Member.', '2025-02-03 21:28:39'),
(1824, 2, 'View', 'User viewed Member.', '2025-02-03 21:28:46'),
(1825, 2, 'View', 'User viewed Member.', '2025-02-03 21:28:55'),
(1826, 2, 'View', 'User viewed Member.', '2025-02-03 21:29:18'),
(1827, 2, 'View', 'User viewed Member.', '2025-02-03 21:29:41'),
(1828, 2, 'View', 'User viewed Member.', '2025-02-03 21:30:20'),
(1829, 2, 'View', 'User viewed Member.', '2025-02-03 21:31:00'),
(1830, 2, 'View', 'User viewed Member.', '2025-02-03 21:31:17'),
(1831, 2, 'View', 'User viewed Member.', '2025-02-03 21:31:28'),
(1832, 2, 'View', 'User viewed Member.', '2025-02-03 21:31:53'),
(1833, 2, 'View', 'User viewed Member.', '2025-02-03 21:32:07'),
(1834, 2, 'View', 'User viewed Member.', '2025-02-03 21:32:18'),
(1835, 2, 'View', 'User viewed Member.', '2025-02-03 21:32:36'),
(1836, 2, 'View', 'User viewed Member.', '2025-02-03 21:32:55'),
(1837, 2, 'View', 'User viewed Member.', '2025-02-03 21:33:01'),
(1838, 2, 'View', 'User viewed Member.', '2025-02-03 21:33:06'),
(1839, 2, 'View', 'User viewed Voucher Data.', '2025-02-03 21:33:30'),
(1840, 2, 'View', 'User viewed Voucher Data.', '2025-02-03 21:33:46'),
(1841, 2, 'View', 'User viewed Voucher Data.', '2025-02-03 21:34:00'),
(1842, 2, 'View', 'User viewed Member.', '2025-02-03 21:34:03'),
(1843, 2, 'View', 'User viewed Member.', '2025-02-03 21:34:43'),
(1844, 2, 'View', 'User viewed Member.', '2025-02-03 21:36:55'),
(1845, 2, 'View', 'User viewed Member.', '2025-02-03 21:37:33'),
(1846, 2, 'View', 'User viewed Member.', '2025-02-03 21:38:29'),
(1847, 2, 'View', 'User viewed Member.', '2025-02-03 21:38:49'),
(1848, 2, 'View', 'User viewed Menu Data.', '2025-02-03 21:39:34'),
(1849, 2, 'View', 'User viewed Menu Data.', '2025-02-03 21:39:53'),
(1850, 2, 'View', 'User viewed Kasir Page.', '2025-02-03 21:40:07'),
(1851, 2, 'View', 'User viewed Kasir Page.', '2025-02-03 21:40:50'),
(1852, 2, 'View', 'User viewed Kasir Page.', '2025-02-03 21:41:50'),
(1853, 2, 'View', 'User viewed Kasir Page.', '2025-02-03 21:45:45'),
(1854, 2, 'View', 'User viewed Kasir Page.', '2025-02-03 21:47:30'),
(1855, 2, 'View', 'User viewed Kasir Page.', '2025-02-03 21:47:55'),
(1856, 2, 'View', 'User viewed Kasir Page.', '2025-02-03 21:48:11'),
(1857, 2, 'View', 'User viewed Kasir Page.', '2025-02-03 21:48:27'),
(1858, 2, 'View', 'User viewed Kasir Page.', '2025-02-03 21:48:40'),
(1859, 2, 'View', 'User viewed Kasir Page.', '2025-02-03 21:48:50'),
(1860, 2, 'View', 'User viewed Kasir Page.', '2025-02-03 21:50:41'),
(1861, 2, 'View', 'User viewed Kasir Page.', '2025-02-03 21:51:09'),
(1862, 2, 'View', 'User viewed Kasir Page.', '2025-02-03 21:54:13'),
(1863, 2, 'View', 'User viewed Kasir Page.', '2025-02-03 21:54:29'),
(1864, 2, 'View', 'User viewed Kasir Page.', '2025-02-03 21:54:34'),
(1865, 2, 'View', 'User viewed Kasir Page.', '2025-02-03 21:54:57'),
(1866, 2, 'View', 'User viewed Kasir Page.', '2025-02-03 21:55:07'),
(1867, 2, 'View', 'User viewed Kasir Page.', '2025-02-03 21:55:11'),
(1868, 2, 'View', 'User viewed Kasir Page.', '2025-02-03 21:55:18'),
(1869, 2, 'View', 'User viewed Kasir Page.', '2025-02-03 21:55:27'),
(1870, 2, 'View', 'User viewed Kasir Page.', '2025-02-03 21:55:42'),
(1871, 2, 'View', 'User viewed Kasir Page.', '2025-02-03 21:57:29'),
(1872, 2, 'View', 'User viewed Kasir Page.', '2025-02-03 21:58:33'),
(1873, 2, 'View', 'User viewed Menu Data.', '2025-02-03 21:59:43'),
(1874, 2, 'View', 'User viewed Nota.', '2025-02-03 21:59:45'),
(1875, 2, 'View', 'User viewed Kasir Page.', '2025-02-03 22:00:17'),
(1876, 2, 'View', 'User viewed Kasir Page.', '2025-02-03 22:01:27'),
(1877, 2, 'View', 'User viewed Kasir Page.', '2025-02-03 22:01:35'),
(1878, 2, 'View', 'User viewed Kasir Page.', '2025-02-03 22:02:08'),
(1879, 2, 'View', 'User viewed Kasir Page.', '2025-02-03 22:02:18'),
(1880, 2, 'View', 'User viewed Kasir Page.', '2025-02-03 22:02:23'),
(1881, 2, 'View', 'User viewed Kasir Page.', '2025-02-03 22:02:30'),
(1882, 2, 'View', 'User viewed Kasir Page.', '2025-02-03 22:02:40'),
(1883, 2, 'View', 'User viewed Kasir Page.', '2025-02-03 22:02:44'),
(1884, 2, 'View', 'User viewed Kasir Page.', '2025-02-03 22:02:49'),
(1885, 2, 'View', 'User viewed Kasir Page.', '2025-02-03 22:02:52'),
(1886, 2, 'View', 'User viewed Kasir Page.', '2025-02-03 22:03:00'),
(1887, 2, 'View', 'User viewed Kasir Page.', '2025-02-03 22:03:16'),
(1888, 2, 'View', 'User viewed Kasir Page.', '2025-02-03 22:03:39'),
(1889, 2, 'View', 'User viewed Kasir Page.', '2025-02-03 22:03:46'),
(1890, 2, 'View', 'User viewed Kasir Page.', '2025-02-03 22:03:52'),
(1891, 2, 'View', 'User viewed Kasir Page.', '2025-02-03 22:03:57'),
(1892, 2, 'View', 'User viewed Kasir Page.', '2025-02-03 22:05:42'),
(1893, 2, 'View', 'User viewed Kasir Page.', '2025-02-03 22:06:00'),
(1894, 2, 'View', 'User viewed Kasir Page.', '2025-02-03 22:06:11'),
(1895, 2, 'View', 'User viewed Kasir Page.', '2025-02-03 22:06:18'),
(1896, 2, 'View', 'User viewed Kasir Page.', '2025-02-03 22:09:34'),
(1897, 2, 'View', 'User viewed Kasir Page.', '2025-02-03 22:09:48'),
(1898, 2, 'View', 'User viewed Kasir Page.', '2025-02-03 22:09:56'),
(1899, 2, 'View', 'User viewed Kasir Page.', '2025-02-03 22:10:33'),
(1900, 2, 'View', 'User viewed Kasir Page.', '2025-02-03 22:10:44'),
(1901, 2, 'View', 'User viewed Kasir Page.', '2025-02-03 22:10:48'),
(1902, 2, 'View', 'User viewed Kasir Page.', '2025-02-03 22:11:14'),
(1903, 2, 'View', 'User viewed Kasir Page.', '2025-02-03 22:11:29'),
(1904, 2, 'View', 'User viewed Kasir Page.', '2025-02-03 22:12:31'),
(1905, 2, 'View', 'User viewed Kasir Page.', '2025-02-03 22:12:54'),
(1906, 2, 'View', 'User viewed Kasir Page.', '2025-02-03 22:13:07'),
(1907, 2, 'View', 'User viewed Kasir Page.', '2025-02-03 22:22:20'),
(1908, 2, 'View', 'User viewed Kasir Page.', '2025-02-03 22:22:40'),
(1909, 2, 'View', 'User viewed Kasir Page.', '2025-02-03 22:23:12'),
(1910, 2, 'View', 'User viewed Kasir Page.', '2025-02-03 22:23:26'),
(1911, 2, 'View', 'User viewed Kasir Page.', '2025-02-03 22:23:50'),
(1912, 2, 'View', 'User viewed Kasir Page.', '2025-02-03 22:25:06'),
(1913, 2, 'View', 'User viewed Kasir Page.', '2025-02-03 22:30:43'),
(1914, 2, 'View', 'User viewed Kasir Page.', '2025-02-03 22:31:26'),
(1915, 2, 'View', 'User viewed Kasir Page.', '2025-02-03 22:32:31'),
(1916, 2, 'View', 'User viewed Kasir Page.', '2025-02-03 22:33:08'),
(1917, 2, 'View', 'User viewed Kasir Page.', '2025-02-03 22:35:24'),
(1918, 2, 'View', 'User viewed Kasir Page.', '2025-02-03 22:35:41'),
(1919, 2, 'View', 'User viewed Kasir Page.', '2025-02-03 22:36:34'),
(1920, 2, 'View', 'User viewed Kasir Page.', '2025-02-03 22:36:53'),
(1921, 2, 'View', 'User viewed Kasir Page.', '2025-02-03 22:38:37'),
(1922, 2, 'View', 'User viewed Kasir Page.', '2025-02-03 22:46:05'),
(1923, 2, 'View', 'User viewed Kasir Page.', '2025-02-03 22:46:46'),
(1924, 2, 'View', 'User viewed Kasir Page.', '2025-02-03 22:49:58'),
(1925, 2, 'View', 'User viewed Kasir Page.', '2025-02-03 22:56:22'),
(1926, 2, 'View', 'User viewed Kasir Page.', '2025-02-03 22:56:50'),
(1927, 2, 'View', 'User viewed Kasir Page.', '2025-02-03 22:59:51'),
(1928, 2, 'View', 'User viewed Kasir Page.', '2025-02-03 23:00:37'),
(1929, 2, 'View', 'User viewed Kasir Page.', '2025-02-03 23:02:03'),
(1930, 2, 'View', 'User viewed Menu Data.', '2025-02-03 23:02:56'),
(1931, 2, 'Cancel', 'User Canceled a Transaction.', '2025-02-03 23:04:26'),
(1932, 2, 'View', 'User viewed Menu Data.', '2025-02-03 23:04:26'),
(1933, 2, 'Cancel', 'User Canceled a Transaction.', '2025-02-03 23:04:31'),
(1934, 2, 'View', 'User viewed Menu Data.', '2025-02-03 23:04:31'),
(1935, 2, 'View', 'User viewed Kasir Page.', '2025-02-03 23:04:42'),
(1936, 2, 'View', 'User viewed Kasir Page.', '2025-02-03 23:06:43'),
(1937, 2, 'View', 'User viewed Kasir Page.', '2025-02-03 23:06:52'),
(1938, 2, 'View', 'User viewed Kasir Page.', '2025-02-03 23:07:07'),
(1939, 2, 'View', 'User viewed Kasir Page.', '2025-02-03 23:10:37'),
(1940, 2, 'View', 'User viewed Kasir Page.', '2025-02-03 23:10:41'),
(1941, 2, 'View', 'User viewed Kasir Page.', '2025-02-03 23:10:47'),
(1942, 2, 'View', 'User viewed Menu Data.', '2025-02-03 23:11:25'),
(1943, 2, 'Cancel', 'User Canceled a Transaction.', '2025-02-03 23:11:42'),
(1944, 2, 'View', 'User viewed Menu Data.', '2025-02-03 23:11:42'),
(1945, 2, 'View', 'User viewed Kasir Page.', '2025-02-03 23:11:53'),
(1946, 2, 'View', 'User viewed Kasir Page.', '2025-02-03 23:13:12'),
(1947, 2, 'View', 'User viewed Kasir Page.', '2025-02-03 23:13:35'),
(1948, 2, 'View', 'User viewed Kasir Page.', '2025-02-03 23:13:40'),
(1949, 2, 'View', 'User viewed Kasir Page.', '2025-02-03 23:13:50'),
(1950, 2, 'View', 'User viewed Kasir Page.', '2025-02-03 23:16:54'),
(1951, 2, 'View', 'User viewed Menu Data.', '2025-02-03 23:17:18'),
(1952, 2, 'Cancel', 'User Canceled a Transaction.', '2025-02-03 23:17:24'),
(1953, 2, 'View', 'User viewed Menu Data.', '2025-02-03 23:17:24'),
(1954, 2, 'View', 'User viewed Menu Data.', '2025-02-03 23:18:30'),
(1955, 2, 'Cancel', 'User Canceled a Transaction.', '2025-02-03 23:18:35'),
(1956, 2, 'View', 'User viewed Menu Data.', '2025-02-03 23:18:35'),
(1957, 2, 'View', 'User viewed Kasir Page.', '2025-02-03 23:24:33'),
(1958, 2, 'View', 'User viewed Kasir Page.', '2025-02-03 23:24:44'),
(1959, 2, 'View', 'User viewed Menu Data.', '2025-02-03 23:24:48'),
(1960, 2, 'View', 'User viewed Kasir Page.', '2025-02-03 23:25:41'),
(1961, 2, 'View', 'User viewed Menu Data.', '2025-02-03 23:25:46'),
(1962, 2, 'View', 'User viewed Kasir Page.', '2025-02-03 23:32:03'),
(1963, 2, 'View', 'User viewed Menu Data.', '2025-02-03 23:32:10'),
(1964, 2, 'View', 'User viewed Kasir Page.', '2025-02-03 23:32:35'),
(1965, 2, 'View', 'User viewed Menu Data.', '2025-02-03 23:32:38'),
(1966, 2, 'View', 'User viewed Kasir Page.', '2025-02-03 23:34:42'),
(1967, 2, 'View', 'User viewed Kasir Page.', '2025-02-03 23:35:31'),
(1968, 2, 'View', 'User viewed Kasir Page.', '2025-02-03 23:38:29'),
(1969, 2, 'View', 'User viewed Menu Data.', '2025-02-03 23:38:33'),
(1970, 2, 'View', 'User viewed Kasir Page.', '2025-02-03 23:49:22'),
(1971, 2, 'View', 'User viewed Menu Data.', '2025-02-03 23:49:25'),
(1972, 2, 'View', 'User viewed Kasir Page.', '2025-02-03 23:53:37'),
(1973, 2, 'View', 'User viewed Kasir Page.', '2025-02-03 23:54:01'),
(1974, 2, 'View', 'User viewed Menu Data.', '2025-02-03 23:54:06'),
(1975, 2, 'View', 'User viewed Kasir Page.', '2025-02-04 00:00:47'),
(1976, 2, 'View', 'User viewed Menu Data.', '2025-02-04 00:00:51'),
(1977, 2, 'View', 'User viewed Menu Data.', '2025-02-04 00:01:10'),
(1978, 2, 'Complete', 'User Completed a transaction.', '2025-02-04 00:01:14'),
(1979, 2, 'View', 'User viewed Menu Data.', '2025-02-04 00:01:15'),
(1980, 2, 'Complete', 'User Completed a transaction.', '2025-02-04 00:01:17'),
(1981, 2, 'View', 'User viewed Menu Data.', '2025-02-04 00:01:18'),
(1982, 2, 'Complete', 'User Completed a transaction.', '2025-02-04 00:01:19'),
(1983, 2, 'View', 'User viewed Menu Data.', '2025-02-04 00:01:20'),
(1984, 2, 'Complete', 'User Completed a transaction.', '2025-02-04 00:01:21'),
(1985, 2, 'View', 'User viewed Menu Data.', '2025-02-04 00:01:22'),
(1986, 2, 'View', 'User viewed Kasir Page.', '2025-02-04 00:01:37'),
(1987, 2, 'View', 'User viewed Menu Data.', '2025-02-04 00:01:52'),
(1988, 2, 'Cancel', 'User Canceled a Transaction.', '2025-02-04 00:01:56'),
(1989, 2, 'View', 'User viewed Menu Data.', '2025-02-04 00:01:57'),
(1990, 2, 'View', 'User viewed Menu Data.', '2025-02-04 00:02:12'),
(1991, 2, 'View', 'User viewed Kasir Page.', '2025-02-04 00:04:07'),
(1992, 2, 'View', 'User viewed Kasir Page.', '2025-02-04 00:04:35'),
(1993, 2, 'View', 'User viewed Kasir Page.', '2025-02-04 00:04:46'),
(1994, 2, 'View', 'User viewed Kasir Page.', '2025-02-04 00:08:44'),
(1995, 2, 'View', 'User viewed Kasir Page.', '2025-02-04 00:09:25'),
(1996, 2, 'View', 'User viewed Kasir Page.', '2025-02-04 00:13:41'),
(1997, 2, 'View', 'User viewed Kasir Page.', '2025-02-04 00:14:27'),
(1998, 2, 'View', 'User viewed Kasir Page.', '2025-02-04 00:14:31'),
(1999, 2, 'View', 'User viewed Kasir Page.', '2025-02-04 00:14:46'),
(2000, 2, 'View', 'User viewed Kasir Page.', '2025-02-04 00:15:21'),
(2001, 2, 'View', 'User viewed Kasir Page.', '2025-02-04 00:16:30'),
(2002, 2, 'View', 'User viewed Kasir Page.', '2025-02-04 00:17:28'),
(2003, 2, 'Login', 'User has logged in.', '2025-02-04 00:20:03'),
(2004, 2, 'View', 'User viewed dashboard.', '2025-02-04 00:20:04'),
(2005, 2, 'View', 'User viewed Menu Data.', '2025-02-04 00:20:06'),
(2006, 2, 'View', 'User viewed Kasir Page.', '2025-02-04 00:20:18'),
(2007, 2, 'View', 'User viewed Kasir Page.', '2025-02-04 00:20:31'),
(2008, 2, 'View', 'User viewed Menu Data.', '2025-02-04 00:20:35'),
(2009, 2, 'Login', 'User has logged in.', '2025-02-04 00:23:32'),
(2010, 2, 'View', 'User viewed dashboard.', '2025-02-04 00:23:32'),
(2011, 2, 'View', 'User viewed Kasir Page.', '2025-02-04 00:23:40'),
(2012, 2, 'View', 'User viewed Kasir Page.', '2025-02-04 00:24:00'),
(2013, 2, 'View', 'User viewed Kasir Page.', '2025-02-04 00:24:19'),
(2014, 2, 'View', 'User viewed Menu Data.', '2025-02-04 00:24:35'),
(2015, 2, 'View', 'User viewed Kasir Page.', '2025-02-04 00:26:52'),
(2016, 2, 'View', 'User viewed Kasir Page.', '2025-02-04 00:26:59'),
(2017, 2, 'View', 'User viewed Menu Data.', '2025-02-04 00:28:05'),
(2018, 2, 'View', 'User viewed Kasir Page.', '2025-02-04 00:28:28'),
(2019, 2, 'View', 'User viewed Kasir Page.', '2025-02-04 00:28:36'),
(2020, 2, 'View', 'User viewed Kasir Page.', '2025-02-04 00:28:44'),
(2021, 2, 'View', 'User viewed Kasir Page.', '2025-02-04 00:29:06'),
(2022, 2, 'View', 'User viewed Menu Data.', '2025-02-04 00:29:10'),
(2023, 2, 'Login', 'User has logged in.', '2025-02-04 00:34:04'),
(2024, 2, 'View', 'User viewed dashboard.', '2025-02-04 00:34:04'),
(2025, 2, 'View', 'User viewed Menu Data.', '2025-02-04 00:34:15'),
(2026, 2, 'View', 'User viewed Add Menu Data.', '2025-02-04 00:34:34'),
(2027, 2, 'add', 'User added Menu Data.', '2025-02-04 00:34:50'),
(2028, 2, 'View', 'User viewed Menu Data.', '2025-02-04 00:34:50'),
(2029, 2, 'View', 'User viewed Add Menu Data.', '2025-02-04 00:34:56'),
(2030, 2, 'add', 'User added Menu Data.', '2025-02-04 00:34:59'),
(2031, 2, 'View', 'User viewed Menu Data.', '2025-02-04 00:35:00'),
(2032, 2, 'Deleted', 'User Deleted Menu Data.', '2025-02-04 00:35:04'),
(2033, 2, 'View', 'User viewed Menu Data.', '2025-02-04 00:35:04'),
(2034, 2, 'View', 'User viewed Meja Data.', '2025-02-04 00:35:09'),
(2035, 2, 'View', 'User viewed Member Data.', '2025-02-04 00:35:23'),
(2036, 2, 'View', 'User viewed Member.', '2025-02-04 00:35:35'),
(2037, 2, 'View', 'User viewed Voucher Data.', '2025-02-04 00:35:45'),
(2038, 2, 'View', 'User viewed Add Voucher .', '2025-02-04 00:35:54'),
(2039, 2, 'Add', 'User Added a Voucher.', '2025-02-04 00:36:14'),
(2040, 2, 'View', 'User viewed Voucher Data.', '2025-02-04 00:36:15'),
(2041, 2, 'View', 'User viewed Member.', '2025-02-04 00:36:20'),
(2042, 2, 'View', 'User viewed Scan Page.', '2025-02-04 00:36:30'),
(2043, 2, 'View', 'User viewed Voucher Data.', '2025-02-04 00:36:59'),
(2044, 2, 'View', 'User viewed Kasir Page.', '2025-02-04 00:37:45'),
(2045, 2, 'View', 'User viewed Menu Data.', '2025-02-04 00:37:52'),
(2046, 2, 'Cancel', 'User Canceled a Transaction.', '2025-02-04 00:38:11'),
(2047, 2, 'View', 'User viewed Menu Data.', '2025-02-04 00:38:11'),
(2048, 2, 'Complete', 'User Completed a transaction.', '2025-02-04 00:38:15'),
(2049, 2, 'View', 'User viewed Menu Data.', '2025-02-04 00:38:15'),
(2050, 2, 'View', 'User viewed Nota.', '2025-02-04 00:38:24'),
(2051, 2, 'View', 'User viewed user Data.', '2025-02-04 00:38:36'),
(2052, 2, 'View', 'User viewed Website Setting.', '2025-02-04 00:38:40'),
(2053, 2, 'View', 'User viewed Activity log.', '2025-02-04 00:38:47');

-- --------------------------------------------------------

--
-- Table structure for table `detail_transaksi`
--

CREATE TABLE `detail_transaksi` (
  `id_detail` int(11) NOT NULL,
  `transaksi_id` int(11) NOT NULL,
  `Menu_id` int(11) NOT NULL,
  `subtotal` decimal(10,2) NOT NULL,
  `created_at` datetime NOT NULL DEFAULT current_timestamp(),
  `updated_at` datetime DEFAULT NULL,
  `deleted_at` datetime DEFAULT NULL
) ENGINE=InnoDB DEFAULT CHARSET=utf8mb4 COLLATE=utf8mb4_general_ci;

--
-- Dumping data for table `detail_transaksi`
--

INSERT INTO `detail_transaksi` (`id_detail`, `transaksi_id`, `Menu_id`, `subtotal`, `created_at`, `updated_at`, `deleted_at`) VALUES
(86, 1, 1, 20000.00, '2025-01-23 12:56:02', NULL, NULL),
(87, 1, 2, 5000.00, '2025-01-23 12:56:03', NULL, NULL),
(88, 1, 3, 20000.00, '2025-01-23 12:56:04', NULL, NULL),
(89, 1, 4, 5000.00, '2025-01-23 12:56:05', NULL, NULL),
(90, 2, 1, 20000.00, '2025-01-23 12:56:45', NULL, NULL),
(91, 2, 2, 5000.00, '2025-01-23 12:56:47', NULL, NULL),
(92, 121, 3, 20000.00, '2025-01-24 20:53:19', NULL, '2025-01-24 20:53:59'),
(93, 121, 2, 5000.00, '2025-01-24 20:53:19', NULL, '2025-01-24 20:53:59'),
(94, 122, 2, 5000.00, '2025-01-24 20:56:39', NULL, NULL),
(95, 122, 4, 5000.00, '2025-01-24 20:56:39', NULL, NULL),
(96, 123, 3, 20000.00, '2025-01-24 20:57:15', NULL, NULL),
(97, 123, 2, 5000.00, '2025-01-24 20:57:15', NULL, NULL),
(98, 124, 1, 20000.00, '2025-01-24 21:13:51', NULL, NULL),
(99, 124, 3, 20000.00, '2025-01-24 21:13:51', NULL, NULL),
(100, 125, 1, 20000.00, '2025-02-02 15:45:58', NULL, NULL),
(101, 169, 3, 20000.00, '2025-02-04 00:20:30', NULL, NULL),
(102, 169, 2, 5000.00, '2025-02-04 00:20:30', NULL, NULL),
(103, 170, 16, 20000.00, '2025-02-04 00:24:19', NULL, NULL),
(104, 170, 17, 25000.00, '2025-02-04 00:24:19', NULL, NULL),
(105, 171, 16, 20000.00, '2025-02-04 00:29:05', NULL, '2025-02-04 00:38:11'),
(106, 171, 17, 25000.00, '2025-02-04 00:29:05', NULL, '2025-02-04 00:38:11'),
(107, 172, 17, 25000.00, '2025-02-04 00:37:45', NULL, NULL),
(108, 172, 16, 20000.00, '2025-02-04 00:37:45', NULL, NULL);

-- --------------------------------------------------------

--
-- Table structure for table `logo`
--

CREATE TABLE `logo` (
  `id_logo` int(11) NOT NULL,
  `nama_Logo` varchar(255) DEFAULT NULL,
  `logos` varchar(255) DEFAULT NULL,
  `icon` varchar(255) DEFAULT NULL
) ENGINE=InnoDB DEFAULT CHARSET=utf8mb4 COLLATE=utf8mb4_general_ci;

--
-- Dumping data for table `logo`
--

INSERT INTO `logo` (`id_logo`, `nama_Logo`, `logos`, `icon`) VALUES
(1, 'Restaurant Bintang satu', 'restaurant.png', 'restaurant.png');

-- --------------------------------------------------------

--
-- Table structure for table `meja`
--

CREATE TABLE `meja` (
  `id_meja` int(11) NOT NULL,
  `No_meja` varchar(255) DEFAULT NULL
) ENGINE=InnoDB DEFAULT CHARSET=utf8mb4 COLLATE=utf8mb4_general_ci;

--
-- Dumping data for table `meja`
--

INSERT INTO `meja` (`id_meja`, `No_meja`) VALUES
(1, 'N1'),
(2, 'N2'),
(3, 'G0'),
(4, 'G2'),
(5, 'G1'),
(7, 'E2'),
(8, 'E1');

-- --------------------------------------------------------

--
-- Table structure for table `membership`
--

CREATE TABLE `membership` (
  `id_member` int(11) NOT NULL,
  `NoMember` varchar(255) DEFAULT NULL,
  `nama` varchar(255) DEFAULT NULL,
  `diskon` int(11) DEFAULT NULL,
  `created_at` datetime NOT NULL DEFAULT current_timestamp(),
  `updated_at` datetime DEFAULT NULL,
  `deleted_at` datetime DEFAULT NULL
) ENGINE=InnoDB DEFAULT CHARSET=utf8mb4 COLLATE=utf8mb4_general_ci;

--
-- Dumping data for table `membership`
--

INSERT INTO `membership` (`id_member`, `NoMember`, `nama`, `diskon`, `created_at`, `updated_at`, `deleted_at`) VALUES
(1, 'G1137', 'Axo', 10, '2025-02-03 18:22:15', NULL, NULL),
(2, 'G1237', 'B1', 10, '2025-02-03 18:22:42', NULL, NULL),
(6, 'G1121', 'Adit', 10, '2025-02-03 18:47:31', NULL, NULL),
(7, 'G1121', 'Julio', 10, '2025-02-03 19:01:13', NULL, NULL),
(8, 'G123', 'Abdul', 10, '2025-02-03 21:07:52', NULL, NULL);

-- --------------------------------------------------------

--
-- Table structure for table `menu`
--

CREATE TABLE `menu` (
  `id_menu` int(11) NOT NULL,
  `Kategory` enum('Drink','Food','Paket') NOT NULL,
  `foto` varchar(255) NOT NULL,
  `nama_menu` varchar(255) NOT NULL,
  `keterangan` text DEFAULT NULL,
  `harga_menu` decimal(10,2) NOT NULL,
  `Stok` int(11) NOT NULL,
  `created_at` datetime NOT NULL DEFAULT current_timestamp(),
  `updated_at` datetime DEFAULT NULL,
  `deleted_at` datetime DEFAULT NULL
) ENGINE=InnoDB DEFAULT CHARSET=utf8mb4 COLLATE=utf8mb4_general_ci;

--
-- Dumping data for table `menu`
--

INSERT INTO `menu` (`id_menu`, `Kategory`, `foto`, `nama_menu`, `keterangan`, `harga_menu`, `Stok`, `created_at`, `updated_at`, `deleted_at`) VALUES
(1, 'Food', 'nasi_uduk.png', 'Nasi Uduk', '-', 20000.00, 30, '2025-01-22 13:27:47', NULL, NULL),
(2, 'Drink', 'Teh_obeng.png', 'The Obeng', '-', 5000.00, 50, '2025-01-22 13:28:34', NULL, NULL),
(3, 'Food', 'nasi_goreng (1).png', 'nasi Goreng', '-', 20000.00, 10, '2025-01-22 13:29:16', NULL, NULL),
(4, 'Drink', 'sprite.png', 'Jus Kiwi', '-', 5000.00, 20, '2025-01-22 13:29:27', NULL, NULL),
(5, 'Drink', '1', '', '-', 0.00, 0, '2025-01-23 09:25:01', NULL, '2025-01-23 09:31:41'),
(9, 'Food', '82k1aVUYS3bLnGWzfk1ds5xImiZHAH7KActpgJBE.png', '22', '-', 22.00, 22, '2025-01-23 09:50:52', NULL, '2025-01-23 09:51:01'),
(12, 'Food', 'gacoan.png', 'Mie Gacoan1', '-', 15000.00, 100, '2025-01-23 10:04:25', NULL, NULL),
(13, 'Drink', 'jHZR4C6fA4U2SdflTZBPykvYozDYaSH8lmDDBB2Z.png', '1', '-', 1.00, 1, '2025-01-24 21:09:22', NULL, '2025-01-24 21:09:26'),
(14, 'Drink', 'cWjmSMeQA8CUZyCtTH9wSY5EjOQ08kr5NxEvWpV2.png', '11', '-', 5000.00, 1, '2025-01-24 21:10:08', NULL, '2025-01-24 21:10:18'),
(16, 'Paket', 'combo_uduk.png', 'Paket Uduk Special', 'Nasih Uduk + Telor + Teh Obeng', 20000.00, 5, '2025-02-03 10:01:30', NULL, NULL),
(17, 'Paket', 'ComboGacoa.png', 'Combo GACOAN', 'The Obeng + Mie Gacoan1', 25000.00, 343, '2025-02-03 13:27:27', NULL, NULL),
(31, 'Paket', 'UqDEVYPborEEEPw7NGozGmV2RqPbecu1h8V6BwDo.png', '11', 'The Obeng + Jus Kiwi', 1.00, 1, '2025-02-04 00:34:50', NULL, '2025-02-04 00:35:04');

-- --------------------------------------------------------

--
-- Table structure for table `transaksi`
--

CREATE TABLE `transaksi` (
  `id_transaksi` int(11) NOT NULL,
  `No_meja` varchar(225) NOT NULL,
  `tanggal_transaksi` date NOT NULL,
  `total_harga` decimal(10,2) NOT NULL,
  `bayar` decimal(10,2) NOT NULL,
  `kembalian` decimal(10,2) NOT NULL,
  `status` int(11) NOT NULL DEFAULT 1,
  `created_at` datetime NOT NULL DEFAULT current_timestamp(),
  `updated_at` datetime DEFAULT NULL,
  `deleted_at` datetime DEFAULT NULL
) ENGINE=InnoDB DEFAULT CHARSET=utf8mb4 COLLATE=utf8mb4_general_ci;

--
-- Dumping data for table `transaksi`
--

INSERT INTO `transaksi` (`id_transaksi`, `No_meja`, `tanggal_transaksi`, `total_harga`, `bayar`, `kembalian`, `status`, `created_at`, `updated_at`, `deleted_at`) VALUES
(1, 'G2', '2025-01-23', 200000.00, 200000.00, 0.00, 2, '2025-01-23 12:49:29', NULL, NULL),
(2, 'G1', '2025-01-23', 200000.00, 0.00, 0.00, 2, '2025-01-23 12:49:29', NULL, NULL),
(3, '3', '2025-01-23', 200000.00, 0.00, 0.00, 1, '2025-01-23 12:49:29', NULL, '2025-01-23 21:43:01'),
(121, 'G0', '2025-01-24', 0.00, 111111.00, 111111.00, 1, '2025-01-24 20:53:19', NULL, '2025-01-24 20:53:59'),
(122, 'G0', '2025-01-24', 11000.00, 200000.00, 189000.00, 2, '2025-01-24 20:56:39', NULL, NULL),
(123, 'G0', '2025-01-24', 27500.00, 111111.00, 83611.00, 2, '2025-01-24 20:57:15', NULL, NULL),
(124, 'E1', '2025-01-24', 44000.00, 200000.00, 156000.00, 2, '2025-01-24 21:13:51', NULL, NULL),
(125, 'N1', '2025-02-02', 22000.00, 200000.00, 178000.00, 2, '2025-02-02 15:45:58', NULL, NULL),
(169, 'N1', '2025-02-04', 27500.00, 111111.00, 83611.00, 1, '2025-02-04 00:20:30', NULL, NULL),
(170, 'N1', '2025-02-04', 44550.00, 111111.00, 61611.00, 1, '2025-02-04 00:24:18', NULL, NULL),
(171, 'N1', '2025-02-04', 44550.00, 111111.00, 66561.00, 1, '2025-02-04 00:29:05', NULL, '2025-02-04 00:38:11'),
(172, 'N1', '2025-02-04', 44550.00, 111111.00, 66561.00, 2, '2025-02-04 00:37:45', NULL, NULL);

-- --------------------------------------------------------

--
-- Table structure for table `user`
--

CREATE TABLE `user` (
  `id_user` int(11) NOT NULL,
  `real` varchar(255) DEFAULT NULL,
  `user` varchar(255) DEFAULT NULL,
  `password` varchar(11) DEFAULT NULL,
  `Level` enum('admin','petugas') DEFAULT NULL
) ENGINE=InnoDB DEFAULT CHARSET=utf8mb4 COLLATE=utf8mb4_general_ci;

--
-- Dumping data for table `user`
--

INSERT INTO `user` (`id_user`, `real`, `user`, `password`, `Level`) VALUES
(1, 'petugas', 'petugas', 'petugas', 'petugas'),
(2, 'admin', 'admin', 'admin', 'admin');

-- --------------------------------------------------------

--
-- Table structure for table `voucher`
--

CREATE TABLE `voucher` (
  `id_Voucher` int(11) NOT NULL,
  `No_Voucher` varchar(255) DEFAULT NULL,
  `Nama_Voucher` varchar(255) DEFAULT NULL,
  `Diskon` varchar(255) DEFAULT NULL,
  `Valid` date DEFAULT NULL,
  `created_at` datetime DEFAULT current_timestamp(),
  `updated_at` datetime DEFAULT NULL,
  `deleted_at` datetime DEFAULT NULL
) ENGINE=InnoDB DEFAULT CHARSET=utf8mb4 COLLATE=utf8mb4_general_ci;

--
-- Dumping data for table `voucher`
--

INSERT INTO `voucher` (`id_Voucher`, `No_Voucher`, `Nama_Voucher`, `Diskon`, `Valid`, `created_at`, `updated_at`, `deleted_at`) VALUES
(1, 'G357', 'UlangTahunMu', '100', '2025-02-04', '2025-02-03 20:43:32', NULL, NULL),
(2, 'G232', 'Diskon 10%', '10', '2025-02-12', '2025-02-03 20:49:36', NULL, NULL),
(3, 'G222', 'Diskon 20%', '20', '2025-02-17', '2025-02-03 20:58:04', NULL, NULL),
(4, 'G125', 'Diskon 10%', '10', '2025-02-04', '2025-02-03 21:16:56', NULL, NULL),
(5, 'G123', 'diskon 40%', '40', '2025-02-05', '2025-02-04 00:36:14', NULL, NULL);

--
-- Indexes for dumped tables
--

--
-- Indexes for table `activity_log`
--
ALTER TABLE `activity_log`
  ADD PRIMARY KEY (`id`);

--
-- Indexes for table `detail_transaksi`
--
ALTER TABLE `detail_transaksi`
  ADD PRIMARY KEY (`id_detail`);

--
-- Indexes for table `logo`
--
ALTER TABLE `logo`
  ADD PRIMARY KEY (`id_logo`);

--
-- Indexes for table `meja`
--
ALTER TABLE `meja`
  ADD PRIMARY KEY (`id_meja`);

--
-- Indexes for table `membership`
--
ALTER TABLE `membership`
  ADD PRIMARY KEY (`id_member`);

--
-- Indexes for table `menu`
--
ALTER TABLE `menu`
  ADD PRIMARY KEY (`id_menu`) USING BTREE;

--
-- Indexes for table `transaksi`
--
ALTER TABLE `transaksi`
  ADD PRIMARY KEY (`id_transaksi`);

--
-- Indexes for table `user`
--
ALTER TABLE `user`
  ADD PRIMARY KEY (`id_user`);

--
-- Indexes for table `voucher`
--
ALTER TABLE `voucher`
  ADD PRIMARY KEY (`id_Voucher`);

--
-- AUTO_INCREMENT for dumped tables
--

--
-- AUTO_INCREMENT for table `activity_log`
--
ALTER TABLE `activity_log`
  MODIFY `id` int(11) NOT NULL AUTO_INCREMENT, AUTO_INCREMENT=2054;

--
-- AUTO_INCREMENT for table `detail_transaksi`
--
ALTER TABLE `detail_transaksi`
  MODIFY `id_detail` int(11) NOT NULL AUTO_INCREMENT, AUTO_INCREMENT=109;

--
-- AUTO_INCREMENT for table `logo`
--
ALTER TABLE `logo`
  MODIFY `id_logo` int(11) NOT NULL AUTO_INCREMENT, AUTO_INCREMENT=2;

--
-- AUTO_INCREMENT for table `meja`
--
ALTER TABLE `meja`
  MODIFY `id_meja` int(11) NOT NULL AUTO_INCREMENT, AUTO_INCREMENT=9;

--
-- AUTO_INCREMENT for table `membership`
--
ALTER TABLE `membership`
  MODIFY `id_member` int(11) NOT NULL AUTO_INCREMENT, AUTO_INCREMENT=9;

--
-- AUTO_INCREMENT for table `menu`
--
ALTER TABLE `menu`
  MODIFY `id_menu` int(11) NOT NULL AUTO_INCREMENT, AUTO_INCREMENT=32;

--
-- AUTO_INCREMENT for table `transaksi`
--
ALTER TABLE `transaksi`
  MODIFY `id_transaksi` int(11) NOT NULL AUTO_INCREMENT, AUTO_INCREMENT=173;

--
-- AUTO_INCREMENT for table `user`
--
ALTER TABLE `user`
  MODIFY `id_user` int(11) NOT NULL AUTO_INCREMENT, AUTO_INCREMENT=5;

--
-- AUTO_INCREMENT for table `voucher`
--
ALTER TABLE `voucher`
  MODIFY `id_Voucher` int(11) NOT NULL AUTO_INCREMENT, AUTO_INCREMENT=6;
COMMIT;

/*!40101 SET CHARACTER_SET_CLIENT=@OLD_CHARACTER_SET_CLIENT */;
/*!40101 SET CHARACTER_SET_RESULTS=@OLD_CHARACTER_SET_RESULTS */;
/*!40101 SET COLLATION_CONNECTION=@OLD_COLLATION_CONNECTION */;
